server_generation,latency_sensitivity,time_step,capacity,demand
CPU.S1,low,1,12075.0,12075
CPU.S1,medium,1,8039.0,8039
CPU.S1,high,1,6144.0,6144
CPU.S2,low,1,0.0,0
CPU.S2,medium,1,0.0,0
CPU.S2,high,1,0.0,0
CPU.S3,low,1,0.0,0
CPU.S3,medium,1,0.0,0
CPU.S3,high,1,0.0,0
CPU.S4,low,1,0.0,0
CPU.S4,medium,1,0.0,0
CPU.S4,high,1,0.0,0
GPU.S1,low,1,4.0,4
GPU.S1,medium,1,15.0,15
GPU.S1,high,1,22.0,22
GPU.S2,low,1,0.0,0
GPU.S2,medium,1,0.0,0
GPU.S2,high,1,0.0,0
GPU.S3,low,1,0.0,0
GPU.S3,medium,1,0.0,0
GPU.S3,high,1,0.0,0
CPU.S1,low,2,21297.0,21297
CPU.S1,medium,2,16556.0,16556
CPU.S1,high,2,12818.0,12818
CPU.S2,low,2,0.0,0
CPU.S2,medium,2,0.0,0
CPU.S2,high,2,0.0,0
CPU.S3,low,2,0.0,0
CPU.S3,medium,2,0.0,0
CPU.S3,high,2,0.0,0
CPU.S4,low,2,0.0,0
CPU.S4,medium,2,0.0,0
CPU.S4,high,2,0.0,0
GPU.S1,low,2,11.0,11
GPU.S1,medium,2,32.0,32
GPU.S1,high,2,49.0,49
GPU.S2,low,2,0.0,0
GPU.S2,medium,2,0.0,0
GPU.S2,high,2,0.0,0
GPU.S3,low,2,0.0,0
GPU.S3,medium,2,0.0,0
GPU.S3,high,2,0.0,0
CPU.S1,low,3,29525.0,29525
CPU.S1,medium,3,24347.0,24347
CPU.S1,high,3,17707.0,17707
CPU.S2,low,3,0.0,0
CPU.S2,medium,3,0.0,0
CPU.S2,high,3,0.0,0
CPU.S3,low,3,0.0,0
CPU.S3,medium,3,0.0,0
CPU.S3,high,3,0.0,0
CPU.S4,low,3,0.0,0
CPU.S4,medium,3,0.0,0
CPU.S4,high,3,0.0,0
GPU.S1,low,3,18.0,18
GPU.S1,medium,3,44.0,44
GPU.S1,high,3,76.0,76
GPU.S2,low,3,0.0,0
GPU.S2,medium,3,0.0,0
GPU.S2,high,3,0.0,0
GPU.S3,low,3,0.0,0
GPU.S3,medium,3,0.0,0
GPU.S3,high,3,0.0,0
CPU.S1,low,4,35381.0,35381
CPU.S1,medium,4,31906.0,31906
CPU.S1,high,4,22420.0,22420
CPU.S2,low,4,0.0,0
CPU.S2,medium,4,0.0,0
CPU.S2,high,4,0.0,0
CPU.S3,low,4,0.0,0
CPU.S3,medium,4,0.0,0
CPU.S3,high,4,0.0,0
CPU.S4,low,4,0.0,0
CPU.S4,medium,4,0.0,0
CPU.S4,high,4,0.0,0
GPU.S1,low,4,25.0,25
GPU.S1,medium,4,64.0,64
GPU.S1,high,4,115.0,115
GPU.S2,low,4,0.0,0
GPU.S2,medium,4,0.0,0
GPU.S2,high,4,0.0,0
GPU.S3,low,4,0.0,0
GPU.S3,medium,4,0.0,0
GPU.S3,high,4,0.0,0
CPU.S1,low,5,47127.0,47127
CPU.S1,medium,5,43522.0,43522
CPU.S1,high,5,29628.0,29628
CPU.S2,low,5,0.0,0
CPU.S2,medium,5,0.0,0
CPU.S2,high,5,0.0,0
CPU.S3,low,5,0.0,0
CPU.S3,medium,5,0.0,0
CPU.S3,high,5,0.0,0
CPU.S4,low,5,0.0,0
CPU.S4,medium,5,0.0,0
CPU.S4,high,5,0.0,0
GPU.S1,low,5,31.0,31
GPU.S1,medium,5,81.0,81
GPU.S1,high,5,135.0,135
GPU.S2,low,5,0.0,0
GPU.S2,medium,5,0.0,0
GPU.S2,high,5,0.0,0
GPU.S3,low,5,0.0,0
GPU.S3,medium,5,0.0,0
GPU.S3,high,5,0.0,0
CPU.S1,low,6,78956.0,78956
CPU.S1,medium,6,60385.356941040045,65055
CPU.S1,high,6,45103.0,45103
CPU.S2,low,6,0.0,0
CPU.S2,medium,6,0.0,0
CPU.S2,high,6,0.0,0
CPU.S3,low,6,0.0,0
CPU.S3,medium,6,0.0,0
CPU.S3,high,6,0.0,0
CPU.S4,low,6,0.0,0
CPU.S4,medium,6,0.0,0
CPU.S4,high,6,0.0,0
GPU.S1,low,6,30.0,30
GPU.S1,medium,6,105.0,105
GPU.S1,high,6,168.0,168
GPU.S2,low,6,0.0,0
GPU.S2,medium,6,0.0,0
GPU.S2,high,6,0.0,0
GPU.S3,low,6,0.0,0
GPU.S3,medium,6,0.0,0
GPU.S3,high,6,0.0,0
CPU.S1,low,7,83019.0,83019
CPU.S1,medium,7,61334.0,61334
CPU.S1,high,7,44971.10976967282,44560
CPU.S2,low,7,0.0,0
CPU.S2,medium,7,0.0,0
CPU.S2,high,7,0.0,0
CPU.S3,low,7,0.0,0
CPU.S3,medium,7,0.0,0
CPU.S3,high,7,0.0,0
CPU.S4,low,7,0.0,0
CPU.S4,medium,7,0.0,0
CPU.S4,high,7,0.0,0
GPU.S1,low,7,40.0,40
GPU.S1,medium,7,125.0,125
GPU.S1,high,7,172.0,172
GPU.S2,low,7,0.0,0
GPU.S2,medium,7,0.0,0
GPU.S2,high,7,0.0,0
GPU.S3,low,7,0.0,0
GPU.S3,medium,7,0.0,0
GPU.S3,high,7,0.0,0
CPU.S1,low,8,97192.0,97192
CPU.S1,medium,8,73848.0,73848
CPU.S1,high,8,56233.0,56233
CPU.S2,low,8,0.0,0
CPU.S2,medium,8,0.0,0
CPU.S2,high,8,0.0,0
CPU.S3,low,8,0.0,0
CPU.S3,medium,8,0.0,0
CPU.S3,high,8,0.0,0
CPU.S4,low,8,0.0,0
CPU.S4,medium,8,0.0,0
CPU.S4,high,8,0.0,0
GPU.S1,low,8,50.0,50
GPU.S1,medium,8,151.0,151
GPU.S1,high,8,168.0,168
GPU.S2,low,8,0.0,0
GPU.S2,medium,8,0.0,0
GPU.S2,high,8,0.0,0
GPU.S3,low,8,0.0,0
GPU.S3,medium,8,0.0,0
GPU.S3,high,8,0.0,0
CPU.S1,low,9,98743.82231376758,117958
CPU.S1,medium,9,84951.0,84951
CPU.S1,high,9,65316.0,65316
CPU.S2,low,9,0.0,0
CPU.S2,medium,9,0.0,0
CPU.S2,high,9,0.0,0
CPU.S3,low,9,0.0,0
CPU.S3,medium,9,0.0,0
CPU.S3,high,9,0.0,0
CPU.S4,low,9,0.0,0
CPU.S4,medium,9,0.0,0
CPU.S4,high,9,0.0,0
GPU.S1,low,9,48.0,48
GPU.S1,medium,9,172.0,172
GPU.S1,high,9,170.0,170
GPU.S2,low,9,0.0,0
GPU.S2,medium,9,0.0,0
GPU.S2,high,9,0.0,0
GPU.S3,low,9,0.0,0
GPU.S3,medium,9,0.0,0
GPU.S3,high,9,0.0,0
CPU.S1,low,10,96954.31215990151,128625
CPU.S1,medium,10,107359.0,107359
CPU.S1,high,10,80180.0,80180
CPU.S2,low,10,0.0,0
CPU.S2,medium,10,0.0,0
CPU.S2,high,10,0.0,0
CPU.S3,low,10,0.0,0
CPU.S3,medium,10,0.0,0
CPU.S3,high,10,0.0,0
CPU.S4,low,10,0.0,0
CPU.S4,medium,10,0.0,0
CPU.S4,high,10,0.0,0
GPU.S1,low,10,60.0,60
GPU.S1,medium,10,207.0,207
GPU.S1,high,10,207.0,207
GPU.S2,low,10,0.0,0
GPU.S2,medium,10,0.0,0
GPU.S2,high,10,0.0,0
GPU.S3,low,10,0.0,0
GPU.S3,medium,10,0.0,0
GPU.S3,high,10,0.0,0
CPU.S1,low,11,95831.85974798104,165649
CPU.S1,medium,11,131184.0,131184
CPU.S1,high,11,92417.0,92417
CPU.S2,low,11,0.0,0
CPU.S2,medium,11,0.0,0
CPU.S2,high,11,0.0,0
CPU.S3,low,11,0.0,0
CPU.S3,medium,11,0.0,0
CPU.S3,high,11,0.0,0
CPU.S4,low,11,0.0,0
CPU.S4,medium,11,0.0,0
CPU.S4,high,11,0.0,0
GPU.S1,low,11,80.0,80
GPU.S1,medium,11,228.0,228
GPU.S1,high,11,190.0,190
GPU.S2,low,11,0.0,0
GPU.S2,medium,11,0.0,0
GPU.S2,high,11,0.0,0
GPU.S3,low,11,0.0,0
GPU.S3,medium,11,0.0,0
GPU.S3,high,11,0.0,0
CPU.S1,low,12,96141.57107737809,208704
CPU.S1,medium,12,149075.0,149075
CPU.S1,high,12,102125.0,102125
CPU.S2,low,12,0.0,0
CPU.S2,medium,12,0.0,0
CPU.S2,high,12,0.0,0
CPU.S3,low,12,0.0,0
CPU.S3,medium,12,0.0,0
CPU.S3,high,12,0.0,0
CPU.S4,low,12,0.0,0
CPU.S4,medium,12,0.0,0
CPU.S4,high,12,0.0,0
GPU.S1,low,12,86.0,86
GPU.S1,medium,12,252.0,252
GPU.S1,high,12,213.0,213
GPU.S2,low,12,0.0,0
GPU.S2,medium,12,0.0,0
GPU.S2,high,12,0.0,0
GPU.S3,low,12,0.0,0
GPU.S3,medium,12,0.0,0
GPU.S3,high,12,0.0,0
CPU.S1,low,13,93801.17392990502,236704
CPU.S1,medium,13,163781.0,163781
CPU.S1,high,13,112929.0,112929
CPU.S2,low,13,0.0,0
CPU.S2,medium,13,0.0,0
CPU.S2,high,13,0.0,0
CPU.S3,low,13,0.0,0
CPU.S3,medium,13,0.0,0
CPU.S3,high,13,0.0,0
CPU.S4,low,13,0.0,0
CPU.S4,medium,13,0.0,0
CPU.S4,high,13,0.0,0
GPU.S1,low,13,125.0,125
GPU.S1,medium,13,274.0,274
GPU.S1,high,13,251.0,251
GPU.S2,low,13,0.0,0
GPU.S2,medium,13,0.0,0
GPU.S2,high,13,0.0,0
GPU.S3,low,13,0.0,0
GPU.S3,medium,13,0.0,0
GPU.S3,high,13,0.0,0
CPU.S1,low,14,95446.08852763669,259148
CPU.S1,medium,14,168160.48729007348,176991
CPU.S1,high,14,121918.96805394276,133146
CPU.S2,low,14,0.0,0
CPU.S2,medium,14,0.0,0
CPU.S2,high,14,0.0,0
CPU.S3,low,14,0.0,0
CPU.S3,medium,14,0.0,0
CPU.S3,high,14,0.0,0
CPU.S4,low,14,0.0,0
CPU.S4,medium,14,0.0,0
CPU.S4,high,14,0.0,0
GPU.S1,low,14,131.0,131
GPU.S1,medium,14,292.0,292
GPU.S1,high,14,309.0,309
GPU.S2,low,14,0.0,0
GPU.S2,medium,14,0.0,0
GPU.S2,high,14,0.0,0
GPU.S3,low,14,0.0,0
GPU.S3,medium,14,0.0,0
GPU.S3,high,14,0.0,0
CPU.S1,low,15,98059.81616106264,283379
CPU.S1,medium,15,170475.42056925702,170139
CPU.S1,high,15,120698.61573661353,117180
CPU.S2,low,15,0.0,0
CPU.S2,medium,15,0.0,0
CPU.S2,high,15,0.0,0
CPU.S3,low,15,0.0,0
CPU.S3,medium,15,0.0,0
CPU.S3,high,15,0.0,0
CPU.S4,low,15,0.0,0
CPU.S4,medium,15,0.0,0
CPU.S4,high,15,0.0,0
GPU.S1,low,15,146.0,146
GPU.S1,medium,15,306.0,306
GPU.S1,high,15,314.0,314
GPU.S2,low,15,0.0,0
GPU.S2,medium,15,0.0,0
GPU.S2,high,15,0.0,0
GPU.S3,low,15,0.0,0
GPU.S3,medium,15,0.0,0
GPU.S3,high,15,0.0,0
CPU.S1,low,16,98159.31122928033,321426
CPU.S1,medium,16,174637.0,174637
CPU.S1,high,16,122939.0,122939
CPU.S2,low,16,0.0,0
CPU.S2,medium,16,0.0,0
CPU.S2,high,16,0.0,0
CPU.S3,low,16,0.0,0
CPU.S3,medium,16,0.0,0
CPU.S3,high,16,0.0,0
CPU.S4,low,16,0.0,0
CPU.S4,medium,16,0.0,0
CPU.S4,high,16,0.0,0
GPU.S1,low,16,180.00507825291018,179
GPU.S1,medium,16,329.0,329
GPU.S1,high,16,266.0,266
GPU.S2,low,16,0.0,0
GPU.S2,medium,16,0.0,0
GPU.S2,high,16,0.0,0
GPU.S3,low,16,0.0,0
GPU.S3,medium,16,0.0,0
GPU.S3,high,16,0.0,0
CPU.S1,low,17,93985.77481578857,409652
CPU.S1,medium,17,222274.0,222274
CPU.S1,high,17,130567.0,130567
CPU.S2,low,17,0.0,0
CPU.S2,medium,17,0.0,0
CPU.S2,high,17,0.0,0
CPU.S3,low,17,0.0,0
CPU.S3,medium,17,0.0,0
CPU.S3,high,17,0.0,0
CPU.S4,low,17,0.0,0
CPU.S4,medium,17,0.0,0
CPU.S4,high,17,0.0,0
GPU.S1,low,17,185.0,185
GPU.S1,medium,17,344.0,344
GPU.S1,high,17,275.0,275
GPU.S2,low,17,0.0,0
GPU.S2,medium,17,0.0,0
GPU.S2,high,17,0.0,0
GPU.S3,low,17,0.0,0
GPU.S3,medium,17,0.0,0
GPU.S3,high,17,0.0,0
CPU.S1,low,18,96905.29549542298,452749
CPU.S1,medium,18,235811.6768813034,294779
CPU.S1,high,18,132672.71396821798,165221
CPU.S2,low,18,0.0,0
CPU.S2,medium,18,0.0,0
CPU.S2,high,18,0.0,0
CPU.S3,low,18,0.0,0
CPU.S3,medium,18,0.0,0
CPU.S3,high,18,0.0,0
CPU.S4,low,18,0.0,0
CPU.S4,medium,18,0.0,0
CPU.S4,high,18,0.0,0
GPU.S1,low,18,179.0,179
GPU.S1,medium,18,378.0,378
GPU.S1,high,18,311.0,311
GPU.S2,low,18,0.0,0
GPU.S2,medium,18,0.0,0
GPU.S2,high,18,0.0,0
GPU.S3,low,18,0.0,0
GPU.S3,medium,18,0.0,0
GPU.S3,high,18,0.0,0
CPU.S1,low,19,96954.87156138575,341544
CPU.S1,medium,19,243943.0,243943
CPU.S1,high,19,119880.0,119880
CPU.S2,low,19,0.0,0
CPU.S2,medium,19,0.0,0
CPU.S2,high,19,0.0,0
CPU.S3,low,19,0.0,0
CPU.S3,medium,19,0.0,0
CPU.S3,high,19,0.0,0
CPU.S4,low,19,0.0,0
CPU.S4,medium,19,0.0,0
CPU.S4,high,19,0.0,0
GPU.S1,low,19,197.0,197
GPU.S1,medium,19,413.0,413
GPU.S1,high,19,385.0,385
GPU.S2,low,19,0.0,0
GPU.S2,medium,19,0.0,0
GPU.S2,high,19,0.0,0
GPU.S3,low,19,0.0,0
GPU.S3,medium,19,0.0,0
GPU.S3,high,19,0.0,0
CPU.S1,low,20,95881.77780919074,305725
CPU.S1,medium,20,268543.0,268543
CPU.S1,high,20,114766.48391730392,109933
CPU.S2,low,20,0.0,0
CPU.S2,medium,20,0.0,0
CPU.S2,high,20,0.0,0
CPU.S3,low,20,0.0,0
CPU.S3,medium,20,0.0,0
CPU.S3,high,20,0.0,0
CPU.S4,low,20,0.0,0
CPU.S4,medium,20,0.0,0
CPU.S4,high,20,0.0,0
GPU.S1,low,20,261.0399337471747,231
GPU.S1,medium,20,425.0,425
GPU.S1,high,20,301.0,301
GPU.S2,low,20,0.0,0
GPU.S2,medium,20,0.0,0
GPU.S2,high,20,0.0,0
GPU.S3,low,20,0.0,0
GPU.S3,medium,20,0.0,0
GPU.S3,high,20,0.0,0
CPU.S1,low,21,97016.72818525738,333614
CPU.S1,medium,21,312346.0,312346
CPU.S1,high,21,112780.0,112780
CPU.S2,low,21,0.0,0
CPU.S2,medium,21,0.0,0
CPU.S2,high,21,0.0,0
CPU.S3,low,21,0.0,0
CPU.S3,medium,21,0.0,0
CPU.S3,high,21,0.0,0
CPU.S4,low,21,0.0,0
CPU.S4,medium,21,0.0,0
CPU.S4,high,21,0.0,0
GPU.S1,low,21,283.0,283
GPU.S1,medium,21,447.0,447
GPU.S1,high,21,271.0,271
GPU.S2,low,21,0.0,0
GPU.S2,medium,21,0.0,0
GPU.S2,high,21,0.0,0
GPU.S3,low,21,0.0,0
GPU.S3,medium,21,0.0,0
GPU.S3,high,21,0.0,0
CPU.S1,low,22,98718.09619838864,280389
CPU.S1,medium,22,321904.0,321904
CPU.S1,high,22,124513.0,124513
CPU.S2,low,22,0.0,0
CPU.S2,medium,22,0.0,0
CPU.S2,high,22,0.0,0
CPU.S3,low,22,0.0,0
CPU.S3,medium,22,0.0,0
CPU.S3,high,22,0.0,0
CPU.S4,low,22,0.0,0
CPU.S4,medium,22,0.0,0
CPU.S4,high,22,0.0,0
GPU.S1,low,22,297.581858273521,311
GPU.S1,medium,22,483.0,483
GPU.S1,high,22,317.0,317
GPU.S2,low,22,0.0,0
GPU.S2,medium,22,0.0,0
GPU.S2,high,22,0.0,0
GPU.S3,low,22,0.0,0
GPU.S3,medium,22,0.0,0
GPU.S3,high,22,0.0,0
CPU.S1,low,23,95012.5699686939,324561
CPU.S1,medium,23,363444.0,363444
CPU.S1,high,23,160927.0,160927
CPU.S2,low,23,0.0,0
CPU.S2,medium,23,0.0,0
CPU.S2,high,23,0.0,0
CPU.S3,low,23,0.0,0
CPU.S3,medium,23,0.0,0
CPU.S3,high,23,0.0,0
CPU.S4,low,23,0.0,0
CPU.S4,medium,23,0.0,0
CPU.S4,high,23,0.0,0
GPU.S1,low,23,355.91514169123775,343
GPU.S1,medium,23,494.81604664277967,482
GPU.S1,high,23,254.71212352506652,197
GPU.S2,low,23,0.0,0
GPU.S2,medium,23,0.0,0
GPU.S2,high,23,0.0,0
GPU.S3,low,23,0.0,0
GPU.S3,medium,23,0.0,0
GPU.S3,high,23,0.0,0
CPU.S1,low,24,66149.78333136553,271522
CPU.S1,medium,24,417656.20294285746,424649
CPU.S1,high,24,170052.0,170052
CPU.S2,low,24,0.0,0
CPU.S2,medium,24,0.0,0
CPU.S2,high,24,0.0,0
CPU.S3,low,24,0.0,0
CPU.S3,medium,24,0.0,0
CPU.S3,high,24,0.0,0
CPU.S4,low,24,0.0,0
CPU.S4,medium,24,0.0,0
CPU.S4,high,24,0.0,0
GPU.S1,low,24,353.87039815778445,353
GPU.S1,medium,24,499.0,499
GPU.S1,high,24,265.0,265
GPU.S2,low,24,0.0,0
GPU.S2,medium,24,0.0,0
GPU.S2,high,24,0.0,0
GPU.S3,low,24,0.0,0
GPU.S3,medium,24,0.0,0
GPU.S3,high,24,0.0,0
CPU.S1,low,25,27717.945850511765,246782
CPU.S1,medium,25,420448.54646241013,468754
CPU.S1,high,25,204996.0,204996
CPU.S2,low,25,0.0,0
CPU.S2,medium,25,0.0,0
CPU.S2,high,25,0.0,0
CPU.S3,low,25,0.0,0
CPU.S3,medium,25,0.0,0
CPU.S3,high,25,0.0,0
CPU.S4,low,25,0.0,0
CPU.S4,medium,25,0.0,0
CPU.S4,high,25,0.0,0
GPU.S1,low,25,349.0,349
GPU.S1,medium,25,527.0,527
GPU.S1,high,25,352.0,352
GPU.S2,low,25,0.0,0
GPU.S2,medium,25,0.0,0
GPU.S2,high,25,0.0,0
GPU.S3,low,25,0.0,0
GPU.S3,medium,25,0.0,0
GPU.S3,high,25,0.0,0
CPU.S1,low,26,17865.086616383873,181964
CPU.S1,medium,26,424155.8351519202,476377
CPU.S1,high,26,210885.22559804245,231772
CPU.S2,low,26,0.0,0
CPU.S2,medium,26,0.0,0
CPU.S2,high,26,0.0,0
CPU.S3,low,26,0.0,0
CPU.S3,medium,26,0.0,0
CPU.S3,high,26,0.0,0
CPU.S4,low,26,0.0,0
CPU.S4,medium,26,0.0,0
CPU.S4,high,26,0.0,0
GPU.S1,low,26,338.0,338
GPU.S1,medium,26,563.0,563
GPU.S1,high,26,497.0,497
GPU.S2,low,26,0.0,0
GPU.S2,medium,26,0.0,0
GPU.S2,high,26,0.0,0
GPU.S3,low,26,0.0,0
GPU.S3,medium,26,0.0,0
GPU.S3,high,26,0.0,0
CPU.S1,low,27,17615.916162109737,153333
CPU.S1,medium,27,425345.78529557923,434164
CPU.S1,high,27,208079.0,208079
CPU.S2,low,27,0.0,0
CPU.S2,medium,27,0.0,0
CPU.S2,high,27,0.0,0
CPU.S3,low,27,0.0,0
CPU.S3,medium,27,0.0,0
CPU.S3,high,27,0.0,0
CPU.S4,low,27,0.0,0
CPU.S4,medium,27,0.0,0
CPU.S4,high,27,0.0,0
GPU.S1,low,27,381.0,381
GPU.S1,medium,27,581.0,581
GPU.S1,high,27,480.0,480
GPU.S2,low,27,0.0,0
GPU.S2,medium,27,0.0,0
GPU.S2,high,27,0.0,0
GPU.S3,low,27,0.0,0
GPU.S3,medium,27,0.0,0
GPU.S3,high,27,0.0,0
CPU.S1,low,28,17738.261479299945,140807
CPU.S1,medium,28,412370.7076276324,462234
CPU.S1,high,28,217375.30216746515,216517
CPU.S2,low,28,0.0,0
CPU.S2,medium,28,0.0,0
CPU.S2,high,28,0.0,0
CPU.S3,low,28,0.0,0
CPU.S3,medium,28,0.0,0
CPU.S3,high,28,0.0,0
CPU.S4,low,28,0.0,0
CPU.S4,medium,28,0.0,0
CPU.S4,high,28,0.0,0
GPU.S1,low,28,402.0,402
GPU.S1,medium,28,594.0,594
GPU.S1,high,28,668.0,668
GPU.S2,low,28,0.0,0
GPU.S2,medium,28,0.0,0
GPU.S2,high,28,0.0,0
GPU.S3,low,28,0.0,0
GPU.S3,medium,28,0.0,0
GPU.S3,high,28,0.0,0
CPU.S1,low,29,0.0,126397
CPU.S1,medium,29,399918.96330682636,521311
CPU.S1,high,29,256060.0,256060
CPU.S2,low,29,0.0,0
CPU.S2,medium,29,0.0,0
CPU.S2,high,29,0.0,0
CPU.S3,low,29,0.0,0
CPU.S3,medium,29,0.0,0
CPU.S3,high,29,0.0,0
CPU.S4,low,29,0.0,0
CPU.S4,medium,29,0.0,0
CPU.S4,high,29,0.0,0
GPU.S1,low,29,409.8739265139322,420
GPU.S1,medium,29,617.0,617
GPU.S1,high,29,827.0,827
GPU.S2,low,29,0.0,0
GPU.S2,medium,29,0.0,0
GPU.S2,high,29,0.0,0
GPU.S3,low,29,0.0,0
GPU.S3,medium,29,0.0,0
GPU.S3,high,29,0.0,0
CPU.S1,low,30,0.0,64624
CPU.S1,medium,30,380308.61720283254,614404
CPU.S1,high,30,279464.7723832028,334789
CPU.S2,low,30,0.0,0
CPU.S2,medium,30,0.0,0
CPU.S2,high,30,0.0,0
CPU.S3,low,30,0.0,0
CPU.S3,medium,30,0.0,0
CPU.S3,high,30,0.0,0
CPU.S4,low,30,0.0,0
CPU.S4,medium,30,0.0,0
CPU.S4,high,30,0.0,0
GPU.S1,low,30,408.0,408
GPU.S1,medium,30,660.0,660
GPU.S1,high,30,786.0,786
GPU.S2,low,30,0.0,0
GPU.S2,medium,30,0.0,0
GPU.S2,high,30,0.0,0
GPU.S3,low,30,0.0,0
GPU.S3,medium,30,0.0,0
GPU.S3,high,30,0.0,0
CPU.S1,low,31,0.0,55414
CPU.S1,medium,31,367317.4943046929,466567
CPU.S1,high,31,277888.0,277888
CPU.S2,low,31,0.0,0
CPU.S2,medium,31,0.0,0
CPU.S2,high,31,0.0,0
CPU.S3,low,31,0.0,0
CPU.S3,medium,31,0.0,0
CPU.S3,high,31,0.0,0
CPU.S4,low,31,0.0,0
CPU.S4,medium,31,0.0,0
CPU.S4,high,31,0.0,0
GPU.S1,low,31,428.88101701332624,369
GPU.S1,medium,31,717.0,717
GPU.S1,high,31,694.0,694
GPU.S2,low,31,0.0,0
GPU.S2,medium,31,0.0,0
GPU.S2,high,31,0.0,0
GPU.S3,low,31,0.0,0
GPU.S3,medium,31,0.0,0
GPU.S3,high,31,0.0,0
CPU.S1,low,32,0.0,128607
CPU.S1,medium,32,323049.43893935566,508309
CPU.S1,high,32,324467.0,324467
CPU.S2,low,32,0.0,0
CPU.S2,medium,32,0.0,0
CPU.S2,high,32,0.0,0
CPU.S3,low,32,0.0,0
CPU.S3,medium,32,0.0,0
CPU.S3,high,32,0.0,0
CPU.S4,low,32,0.0,0
CPU.S4,medium,32,0.0,0
CPU.S4,high,32,0.0,0
GPU.S1,low,32,447.66290503064755,438
GPU.S1,medium,32,740.0,740
GPU.S1,high,32,650.0,650
GPU.S2,low,32,0.0,0
GPU.S2,medium,32,0.0,0
GPU.S2,high,32,0.0,0
GPU.S3,low,32,0.0,0
GPU.S3,medium,32,0.0,0
GPU.S3,high,32,0.0,0
CPU.S1,low,33,0.0,169193
CPU.S1,medium,33,248972.78397487992,527521
CPU.S1,high,33,406004.4175478167,422834
CPU.S2,low,33,0.0,0
CPU.S2,medium,33,0.0,0
CPU.S2,high,33,0.0,0
CPU.S3,low,33,0.0,0
CPU.S3,medium,33,0.0,0
CPU.S3,high,33,0.0,0
CPU.S4,low,33,0.0,0
CPU.S4,medium,33,0.0,0
CPU.S4,high,33,0.0,0
GPU.S1,low,33,466.0,466
GPU.S1,medium,33,756.0,756
GPU.S1,high,33,652.0,652
GPU.S2,low,33,0.0,0
GPU.S2,medium,33,0.0,0
GPU.S2,high,33,0.0,0
GPU.S3,low,33,0.0,0
GPU.S3,medium,33,0.0,0
GPU.S3,high,33,0.0,0
CPU.S1,low,34,0.0,165660
CPU.S1,medium,34,250091.77752700853,564036
CPU.S1,high,34,407870.9184188488,445804
CPU.S2,low,34,0.0,0
CPU.S2,medium,34,0.0,0
CPU.S2,high,34,0.0,0
CPU.S3,low,34,0.0,0
CPU.S3,medium,34,0.0,0
CPU.S3,high,34,0.0,0
CPU.S4,low,34,0.0,0
CPU.S4,medium,34,0.0,0
CPU.S4,high,34,0.0,0
GPU.S1,low,34,469.98185275651133,376
GPU.S1,medium,34,844.0,844
GPU.S1,high,34,546.0544190771201,530
GPU.S2,low,34,0.0,0
GPU.S2,medium,34,0.0,0
GPU.S2,high,34,0.0,0
GPU.S3,low,34,0.0,0
GPU.S3,medium,34,0.0,0
GPU.S3,high,34,0.0,0
CPU.S1,low,35,0.0,151111
CPU.S1,medium,35,239368.46859620253,539137
CPU.S1,high,35,394364.05901659175,482385
CPU.S2,low,35,0.0,0
CPU.S2,medium,35,0.0,0
CPU.S2,high,35,0.0,0
CPU.S3,low,35,0.0,0
CPU.S3,medium,35,0.0,0
CPU.S3,high,35,0.0,0
CPU.S4,low,35,0.0,0
CPU.S4,medium,35,0.0,0
CPU.S4,high,35,0.0,0
GPU.S1,low,35,361.0,361
GPU.S1,medium,35,901.0,901
GPU.S1,high,35,893.0,893
GPU.S2,low,35,0.0,0
GPU.S2,medium,35,0.0,0
GPU.S2,high,35,0.0,0
GPU.S3,low,35,0.0,0
GPU.S3,medium,35,0.0,0
GPU.S3,high,35,0.0,0
CPU.S1,low,36,0.0,48859
CPU.S1,medium,36,241494.72542269545,603088
CPU.S1,high,36,411341.41175792913,546705
CPU.S2,low,36,0.0,0
CPU.S2,medium,36,0.0,0
CPU.S2,high,36,0.0,0
CPU.S3,low,36,0.0,0
CPU.S3,medium,36,0.0,0
CPU.S3,high,36,0.0,0
CPU.S4,low,36,0.0,0
CPU.S4,medium,36,0.0,0
CPU.S4,high,36,0.0,0
GPU.S1,low,36,378.0,378
GPU.S1,medium,36,969.0,969
GPU.S1,high,36,871.0,871
GPU.S2,low,36,0.0,0
GPU.S2,medium,36,0.0,0
GPU.S2,high,36,0.0,0
GPU.S3,low,36,0.0,0
GPU.S3,medium,36,0.0,0
GPU.S3,high,36,0.0,0
CPU.S1,low,37,0.0,283849
CPU.S1,medium,37,249198.7967663968,542113
CPU.S1,high,37,395353.6693974541,475529
CPU.S2,low,37,13239.0,13239
CPU.S2,medium,37,16481.0,16481
CPU.S2,high,37,11883.0,11883
CPU.S3,low,37,0.0,0
CPU.S3,medium,37,0.0,0
CPU.S3,high,37,0.0,0
CPU.S4,low,37,0.0,0
CPU.S4,medium,37,0.0,0
CPU.S4,high,37,0.0,0
GPU.S1,low,37,350.0,350
GPU.S1,medium,37,988.0,988
GPU.S1,high,37,1031.0,1031
GPU.S2,low,37,0.0,0
GPU.S2,medium,37,0.0,0
GPU.S2,high,37,0.0,0
GPU.S3,low,37,0.0,0
GPU.S3,medium,37,0.0,0
GPU.S3,high,37,0.0,0
CPU.S1,low,38,0.0,127505
CPU.S1,medium,38,252575.86253747833,536919
CPU.S1,high,38,388518.23310407065,429366
CPU.S2,low,38,20827.0,20827
CPU.S2,medium,38,26714.0,26714
CPU.S2,high,38,18367.0,18367
CPU.S3,low,38,0.0,0
CPU.S3,medium,38,0.0,0
CPU.S3,high,38,0.0,0
CPU.S4,low,38,0.0,0
CPU.S4,medium,38,0.0,0
CPU.S4,high,38,0.0,0
GPU.S1,low,38,385.0,385
GPU.S1,medium,38,1116.0,1116
GPU.S1,high,38,995.0,995
GPU.S2,low,38,0.0,0
GPU.S2,medium,38,0.0,0
GPU.S2,high,38,0.0,0
GPU.S3,low,38,0.0,0
GPU.S3,medium,38,0.0,0
GPU.S3,high,38,0.0,0
CPU.S1,low,39,0.0,131162
CPU.S1,medium,39,314716.5404466219,473404
CPU.S1,high,39,334604.0,334604
CPU.S2,low,39,27030.0,27030
CPU.S2,medium,39,34719.0,34719
CPU.S2,high,39,20892.0,20892
CPU.S3,low,39,0.0,0
CPU.S3,medium,39,0.0,0
CPU.S3,high,39,0.0,0
CPU.S4,low,39,0.0,0
CPU.S4,medium,39,0.0,0
CPU.S4,high,39,0.0,0
GPU.S1,low,39,388.51122154450803,380
GPU.S1,medium,39,1149.8282892350855,1084
GPU.S1,high,39,977.4346878466957,800
GPU.S2,low,39,0.0,0
GPU.S2,medium,39,0.0,0
GPU.S2,high,39,0.0,0
GPU.S3,low,39,0.0,0
GPU.S3,medium,39,0.0,0
GPU.S3,high,39,0.0,0
CPU.S1,low,40,170.81643285274785,153665
CPU.S1,medium,40,353372.18888704525,455953
CPU.S1,high,40,291778.0,291778
CPU.S2,low,40,32577.0,32577
CPU.S2,medium,40,40483.0,40483
CPU.S2,high,40,25140.0,25140
CPU.S3,low,40,0.0,0
CPU.S3,medium,40,0.0,0
CPU.S3,high,40,0.0,0
CPU.S4,low,40,0.0,0
CPU.S4,medium,40,0.0,0
CPU.S4,high,40,0.0,0
GPU.S1,low,40,401.0,401
GPU.S1,medium,40,1115.0,1115
GPU.S1,high,40,1056.0,1056
GPU.S2,low,40,0.0,0
GPU.S2,medium,40,0.0,0
GPU.S2,high,40,0.0,0
GPU.S3,low,40,0.0,0
GPU.S3,medium,40,0.0,0
GPU.S3,high,40,0.0,0
CPU.S1,low,41,31991.565124172295,239613
CPU.S1,medium,41,353143.459182616,460968
CPU.S1,high,41,260187.0,260187
CPU.S2,low,41,40920.0,40920
CPU.S2,medium,41,56067.0,56067
CPU.S2,high,41,35146.0,35146
CPU.S3,low,41,0.0,0
CPU.S3,medium,41,0.0,0
CPU.S3,high,41,0.0,0
CPU.S4,low,41,0.0,0
CPU.S4,medium,41,0.0,0
CPU.S4,high,41,0.0,0
GPU.S1,low,41,469.0,469
GPU.S1,medium,41,1157.0,1157
GPU.S1,high,41,922.6330451662174,838
GPU.S2,low,41,0.0,0
GPU.S2,medium,41,0.0,0
GPU.S2,high,41,0.0,0
GPU.S3,low,41,0.0,0
GPU.S3,medium,41,0.0,0
GPU.S3,high,41,0.0,0
CPU.S1,low,42,32820.57016250926,259746
CPU.S1,medium,42,356637.33215816703,467506
CPU.S1,high,42,262319.1149898888,304852
CPU.S2,low,42,57115.55195999364,60729
CPU.S2,medium,42,72175.77448832757,77612
CPU.S2,high,42,55194.0,55194
CPU.S3,low,42,0.0,0
CPU.S3,medium,42,0.0,0
CPU.S3,high,42,0.0,0
CPU.S4,low,42,0.0,0
CPU.S4,medium,42,0.0,0
CPU.S4,high,42,0.0,0
GPU.S1,low,42,432.1390928402038,331
GPU.S1,medium,42,1233.0,1233
GPU.S1,high,42,952.0,952
GPU.S2,low,42,0.0,0
GPU.S2,medium,42,0.0,0
GPU.S2,high,42,0.0,0
GPU.S3,low,42,0.0,0
GPU.S3,medium,42,0.0,0
GPU.S3,high,42,0.0,0
CPU.S1,low,43,74303.72916276795,159646
CPU.S1,medium,43,350383.1978222013,363909
CPU.S1,high,43,220379.1961805756,199986
CPU.S2,low,43,58645.0,58645
CPU.S2,medium,43,72389.0,72389
CPU.S2,high,43,55560.55797589675,54623
CPU.S3,low,43,0.0,0
CPU.S3,medium,43,0.0,0
CPU.S3,high,43,0.0,0
CPU.S4,low,43,0.0,0
CPU.S4,medium,43,0.0,0
CPU.S4,high,43,0.0,0
GPU.S1,low,43,324.0,324
GPU.S1,medium,43,1257.0,1257
GPU.S1,high,43,1111.0,1111
GPU.S2,low,43,0.0,0
GPU.S2,medium,43,0.0,0
GPU.S2,high,43,0.0,0
GPU.S3,low,43,0.0,0
GPU.S3,medium,43,0.0,0
GPU.S3,high,43,0.0,0
CPU.S1,low,44,75776.10563596165,286982
CPU.S1,medium,44,352231.3886227085,368466
CPU.S1,high,44,220200.0,220200
CPU.S2,low,44,65349.0,65349
CPU.S2,medium,44,74260.49489120755,78677
CPU.S2,high,44,64896.0,64896
CPU.S3,low,44,0.0,0
CPU.S3,medium,44,0.0,0
CPU.S3,high,44,0.0,0
CPU.S4,low,44,0.0,0
CPU.S4,medium,44,0.0,0
CPU.S4,high,44,0.0,0
GPU.S1,low,44,460.6232191708361,449
GPU.S1,medium,44,1331.0,1331
GPU.S1,high,44,883.0,883
GPU.S2,low,44,0.0,0
GPU.S2,medium,44,0.0,0
GPU.S2,high,44,0.0,0
GPU.S3,low,44,0.0,0
GPU.S3,medium,44,0.0,0
GPU.S3,high,44,0.0,0
CPU.S1,low,45,75595.10272069529,155710
CPU.S1,medium,45,354457.3366881639,355949
CPU.S1,high,45,210114.7046867858,197788
CPU.S2,low,45,84989.0,84989
CPU.S2,medium,45,71778.22970011135,84876
CPU.S2,high,45,81818.0,81818
CPU.S3,low,45,0.0,0
CPU.S3,medium,45,0.0,0
CPU.S3,high,45,0.0,0
CPU.S4,low,45,0.0,0
CPU.S4,medium,45,0.0,0
CPU.S4,high,45,0.0,0
GPU.S1,low,45,550.0,550
GPU.S1,medium,45,1394.0,1394
GPU.S1,high,45,745.0,745
GPU.S2,low,45,0.0,0
GPU.S2,medium,45,0.0,0
GPU.S2,high,45,0.0,0
GPU.S3,low,45,0.0,0
GPU.S3,medium,45,0.0,0
GPU.S3,high,45,0.0,0
CPU.S1,low,46,76541.95096406795,140438
CPU.S1,medium,46,343521.29179555055,363552
CPU.S1,high,46,206733.0,206733
CPU.S2,low,46,111560.0,111560
CPU.S2,medium,46,73399.46264671862,112413
CPU.S2,high,46,96519.0,96519
CPU.S3,low,46,0.0,0
CPU.S3,medium,46,0.0,0
CPU.S3,high,46,0.0,0
CPU.S4,low,46,0.0,0
CPU.S4,medium,46,0.0,0
CPU.S4,high,46,0.0,0
GPU.S1,low,46,549.0,549
GPU.S1,medium,46,1546.0,1546
GPU.S1,high,46,973.0,973
GPU.S2,low,46,0.0,0
GPU.S2,medium,46,0.0,0
GPU.S2,high,46,0.0,0
GPU.S3,low,46,0.0,0
GPU.S3,medium,46,0.0,0
GPU.S3,high,46,0.0,0
CPU.S1,low,47,75714.69862526984,81204
CPU.S1,medium,47,329535.0,329535
CPU.S1,high,47,207880.71093681498,202560
CPU.S2,low,47,121190.0,121190
CPU.S2,medium,47,80972.34514038861,141905
CPU.S2,high,47,110096.0,110096
CPU.S3,low,47,0.0,0
CPU.S3,medium,47,0.0,0
CPU.S3,high,47,0.0,0
CPU.S4,low,47,0.0,0
CPU.S4,medium,47,0.0,0
CPU.S4,high,47,0.0,0
GPU.S1,low,47,454.7740653144048,475
GPU.S1,medium,47,1562.4448706725084,1565
GPU.S1,high,47,1198.0869075877367,1199
GPU.S2,low,47,0.0,0
GPU.S2,medium,47,0.0,0
GPU.S2,high,47,0.0,0
GPU.S3,low,47,0.0,0
GPU.S3,medium,47,0.0,0
GPU.S3,high,47,0.0,0
CPU.S1,low,48,69560.14929535436,59949
CPU.S1,medium,48,325925.0,325925
CPU.S1,high,48,214877.77254220977,233369
CPU.S2,low,48,160255.74260965188,169137
CPU.S2,medium,48,85972.48776848758,136436
CPU.S2,high,48,135419.0,135419
CPU.S3,low,48,0.0,0
CPU.S3,medium,48,0.0,0
CPU.S3,high,48,0.0,0
CPU.S4,low,48,0.0,0
CPU.S4,medium,48,0.0,0
CPU.S4,high,48,0.0,0
GPU.S1,low,48,441.65875232623847,727
GPU.S1,medium,48,1499.0,1499
GPU.S1,high,48,1193.0,1193
GPU.S2,low,48,0.0,0
GPU.S2,medium,48,0.0,0
GPU.S2,high,48,0.0,0
GPU.S3,low,48,0.0,0
GPU.S3,medium,48,0.0,0
GPU.S3,high,48,0.0,0
CPU.S1,low,49,70732.7271855633,3402
CPU.S1,medium,49,280017.5093231958,273213
CPU.S1,high,49,221595.8012433203,195852
CPU.S2,low,49,159746.37298440706,189166
CPU.S2,medium,49,134307.73792535882,164417
CPU.S2,high,49,164597.0,164597
CPU.S3,low,49,0.0,0
CPU.S3,medium,49,0.0,0
CPU.S3,high,49,0.0,0
CPU.S4,low,49,0.0,0
CPU.S4,medium,49,0.0,0
CPU.S4,high,49,0.0,0
GPU.S1,low,49,444.6893234738512,557
GPU.S1,medium,49,1384.0,1384
GPU.S1,high,49,1325.0,1325
GPU.S2,low,49,17.0,17
GPU.S2,medium,49,29.0,29
GPU.S2,high,49,40.0,40
GPU.S3,low,49,0.0,0
GPU.S3,medium,49,0.0,0
GPU.S3,high,49,0.0,0
CPU.S1,low,50,70247.78146025169,51835
CPU.S1,medium,50,291734.7530720319,265584
CPU.S1,high,50,220602.0,220602
CPU.S2,low,50,158393.25042458932,217281
CPU.S2,medium,50,134759.84548197157,169753
CPU.S2,high,50,161993.36557116435,174226
CPU.S3,low,50,0.0,0
CPU.S3,medium,50,0.0,0
CPU.S3,high,50,0.0,0
CPU.S4,low,50,0.0,0
CPU.S4,medium,50,0.0,0
CPU.S4,high,50,0.0,0
GPU.S1,low,50,416.672524214239,528
GPU.S1,medium,50,1371.3901790230275,1413
GPU.S1,high,50,1326.4193675570018,1628
GPU.S2,low,50,17.0,17
GPU.S2,medium,50,45.0,45
GPU.S2,high,50,51.0,51
GPU.S3,low,50,0.0,0
GPU.S3,medium,50,0.0,0
GPU.S3,high,50,0.0,0
CPU.S1,low,51,68505.0,68505
CPU.S1,medium,51,288150.3064962402,242765
CPU.S1,high,51,210313.7282095877,206667
CPU.S2,low,51,164460.0,164460
CPU.S2,medium,51,134709.0,134709
CPU.S2,high,51,164830.13529090016,159344
CPU.S3,low,51,0.0,0
CPU.S3,medium,51,0.0,0
CPU.S3,high,51,0.0,0
CPU.S4,low,51,0.0,0
CPU.S4,medium,51,0.0,0
CPU.S4,high,51,0.0,0
GPU.S1,low,51,720.4866697413545,547
GPU.S1,medium,51,1375.0,1375
GPU.S1,high,51,1043.0,1043
GPU.S2,low,51,27.0,27
GPU.S2,medium,51,60.0,60
GPU.S2,high,51,53.0,53
GPU.S3,low,51,0.0,0
GPU.S3,medium,51,0.0,0
GPU.S3,high,51,0.0,0
CPU.S1,low,52,69554.86725147918,67198
CPU.S1,medium,52,279323.3532682506,238893
CPU.S1,high,52,202693.65944585204,174708
CPU.S2,low,52,175297.35455945868,176189
CPU.S2,medium,52,131427.3800482051,129803
CPU.S2,high,52,166894.0,166894
CPU.S3,low,52,0.0,0
CPU.S3,medium,52,0.0,0
CPU.S3,high,52,0.0,0
CPU.S4,low,52,0.0,0
CPU.S4,medium,52,0.0,0
CPU.S4,high,52,0.0,0
GPU.S1,low,52,1110.607036220528,413
GPU.S1,medium,52,1501.2514373050908,1395
GPU.S1,high,52,568.8447317890399,313
GPU.S2,low,52,35.0,35
GPU.S2,medium,52,64.0,64
GPU.S2,high,52,65.0,65
GPU.S3,low,52,0.0,0
GPU.S3,medium,52,0.0,0
GPU.S3,high,52,0.0,0
CPU.S1,low,53,70851.85889335253,81664
CPU.S1,medium,53,279224.0,279224
CPU.S1,high,53,210551.0,210551
CPU.S2,low,53,174319.64133510107,214693
CPU.S2,medium,53,133907.46110936094,143113
CPU.S2,high,53,189776.0,189776
CPU.S3,low,53,0.0,0
CPU.S3,medium,53,0.0,0
CPU.S3,high,53,0.0,0
CPU.S4,low,53,0.0,0
CPU.S4,medium,53,0.0,0
CPU.S4,high,53,0.0,0
GPU.S1,low,53,1109.3557596048122,321
GPU.S1,medium,53,1481.0,1481
GPU.S1,high,53,556.0,556
GPU.S2,low,53,37.0,37
GPU.S2,medium,53,65.0,65
GPU.S2,high,53,75.0,75
GPU.S3,low,53,0.0,0
GPU.S3,medium,53,0.0,0
GPU.S3,high,53,0.0,0
CPU.S1,low,54,75862.73719081926,141948
CPU.S1,medium,54,294204.10650412843,355289
CPU.S1,high,54,191379.0,191379
CPU.S2,low,54,178831.18773689689,229806
CPU.S2,medium,54,135439.42679152556,173641
CPU.S2,high,54,194499.68310977102,213810
CPU.S3,low,54,0.0,0
CPU.S3,medium,54,0.0,0
CPU.S3,high,54,0.0,0
CPU.S4,low,54,0.0,0
CPU.S4,medium,54,0.0,0
CPU.S4,high,54,0.0,0
GPU.S1,low,54,1374.9615929097363,214
GPU.S1,medium,54,1407.7238779941472,1362
GPU.S1,high,54,322.0,322
GPU.S2,low,54,42.36949580953792,40
GPU.S2,medium,54,71.0,71
GPU.S2,high,54,63.0,63
GPU.S3,low,54,0.0,0
GPU.S3,medium,54,0.0,0
GPU.S3,high,54,0.0,0
CPU.S1,low,55,100896.0,100896
CPU.S1,medium,55,302652.46114607033,317347
CPU.S1,high,55,165774.97256829002,152171
CPU.S2,low,55,184974.08864164018,195015
CPU.S2,medium,55,134105.80399311232,145068
CPU.S2,high,55,176226.39307720284,173820
CPU.S3,low,55,0.0,0
CPU.S3,medium,55,0.0,0
CPU.S3,high,55,0.0,0
CPU.S4,low,55,0.0,0
CPU.S4,medium,55,0.0,0
CPU.S4,high,55,0.0,0
GPU.S1,low,55,1393.4374614240328,70
GPU.S1,medium,55,1398.0,1398
GPU.S1,high,55,335.54974771326556,177
GPU.S2,low,55,52.0,52
GPU.S2,medium,55,84.0,84
GPU.S2,high,55,57.0,57
GPU.S3,low,55,0.0,0
GPU.S3,medium,55,0.0,0
GPU.S3,high,55,0.0,0
CPU.S1,low,56,104635.9507568642,118261
CPU.S1,medium,56,293682.0630950161,305305
CPU.S1,high,56,161959.0,161959
CPU.S2,low,56,184702.45122789452,187879
CPU.S2,medium,56,129983.19921615574,184792
CPU.S2,high,56,176406.0,176406
CPU.S3,low,56,0.0,0
CPU.S3,medium,56,0.0,0
CPU.S3,high,56,0.0,0
CPU.S4,low,56,0.0,0
CPU.S4,medium,56,0.0,0
CPU.S4,high,56,0.0,0
GPU.S1,low,56,1331.5069428279928,137
GPU.S1,medium,56,1437.0,1437
GPU.S1,high,56,427.0,427
GPU.S2,low,56,60.0,60
GPU.S2,medium,56,91.0,91
GPU.S2,high,56,46.0,46
GPU.S3,low,56,0.0,0
GPU.S3,medium,56,0.0,0
GPU.S3,high,56,0.0,0
CPU.S1,low,57,114628.55365439718,155503
CPU.S1,medium,57,293745.0,293745
CPU.S1,high,57,154090.0,154090
CPU.S2,low,57,186824.0,186824
CPU.S2,medium,57,129688.02096018405,217923
CPU.S2,high,57,195111.0,195111
CPU.S3,low,57,0.0,0
CPU.S3,medium,57,0.0,0
CPU.S3,high,57,0.0,0
CPU.S4,low,57,0.0,0
CPU.S4,medium,57,0.0,0
CPU.S4,high,57,0.0,0
GPU.S1,low,57,1706.9318338600226,0
GPU.S1,medium,57,1366.0,1366
GPU.S1,high,57,140.0,140
GPU.S2,low,57,83.0,83
GPU.S2,medium,57,106.0,106
GPU.S2,high,57,69.0,69
GPU.S3,low,57,0.0,0
GPU.S3,medium,57,0.0,0
GPU.S3,high,57,0.0,0
CPU.S1,low,58,112501.31470183728,191826
CPU.S1,medium,58,301885.70098656585,320854
CPU.S1,high,58,149734.31684025325,144094
CPU.S2,low,58,199608.0,199608
CPU.S2,medium,58,131417.66131378934,250250
CPU.S2,high,58,203671.0,203671
CPU.S3,low,58,0.0,0
CPU.S3,medium,58,0.0,0
CPU.S3,high,58,0.0,0
CPU.S4,low,58,0.0,0
CPU.S4,medium,58,0.0,0
CPU.S4,high,58,0.0,0
GPU.S1,low,58,1695.229802045168,71
GPU.S1,medium,58,1275.0,1275
GPU.S1,high,58,143.4102940465827,0
GPU.S2,low,58,83.0,83
GPU.S2,medium,58,131.0,131
GPU.S2,high,58,85.0,85
GPU.S3,low,58,0.0,0
GPU.S3,medium,58,0.0,0
GPU.S3,high,58,0.0,0
CPU.S1,low,59,114981.09753986016,196570
CPU.S1,medium,59,295309.792246884,358715
CPU.S1,high,59,144483.61882065315,129764
CPU.S2,low,59,232158.0,232158
CPU.S2,medium,59,127996.11377545871,266134
CPU.S2,high,59,214871.0,214871
CPU.S3,low,59,0.0,0
CPU.S3,medium,59,0.0,0
CPU.S3,high,59,0.0,0
CPU.S4,low,59,0.0,0
CPU.S4,medium,59,0.0,0
CPU.S4,high,59,0.0,0
GPU.S1,low,59,1096.3760194058134,97
GPU.S1,medium,59,1296.0,1296
GPU.S1,high,59,812.0,812
GPU.S2,low,59,101.0,101
GPU.S2,medium,59,129.0,129
GPU.S2,high,59,106.0,106
GPU.S3,low,59,0.0,0
GPU.S3,medium,59,0.0,0
GPU.S3,high,59,0.0,0
CPU.S1,low,60,108850.05307154634,126130
CPU.S1,medium,60,304625.69778297475,438742
CPU.S1,high,60,147722.0,147722
CPU.S2,low,60,246696.871558273,308245
CPU.S2,medium,60,133211.83770947898,292601
CPU.S2,high,60,248832.0,248832
CPU.S3,low,60,0.0,0
CPU.S3,medium,60,0.0,0
CPU.S3,high,60,0.0,0
CPU.S4,low,60,0.0,0
CPU.S4,medium,60,0.0,0
CPU.S4,high,60,0.0,0
GPU.S1,low,60,1100.5702330837107,277
GPU.S1,medium,60,1273.8327230844397,1179
GPU.S1,high,60,795.207499464122,698
GPU.S2,low,60,110.02684910548471,108
GPU.S2,medium,60,133.0,133
GPU.S2,high,60,92.0,92
GPU.S3,low,60,0.0,0
GPU.S3,medium,60,0.0,0
GPU.S3,high,60,0.0,0
CPU.S1,low,61,98885.79084719383,103207
CPU.S1,medium,61,297253.07079881406,427512
CPU.S1,high,61,157521.24169273276,170286
CPU.S2,low,61,245278.69533846437,259495
CPU.S2,medium,61,127347.09175672478,326384
CPU.S2,high,61,257292.0,257292
CPU.S3,low,61,0.0,0
CPU.S3,medium,61,0.0,0
CPU.S3,high,61,0.0,0
CPU.S4,low,61,0.0,0
CPU.S4,medium,61,0.0,0
CPU.S4,high,61,0.0,0
GPU.S1,low,61,1112.2120309765912,256
GPU.S1,medium,61,1288.0,1288
GPU.S1,high,61,796.0,796
GPU.S2,low,61,111.6006082447262,122
GPU.S2,medium,61,157.0,157
GPU.S2,high,61,82.0,82
GPU.S3,low,61,0.0,0
GPU.S3,medium,61,0.0,0
GPU.S3,high,61,0.0,0
CPU.S1,low,62,95994.5179704151,8779
CPU.S1,medium,62,307084.13344640157,448339
CPU.S1,high,62,162296.0,162296
CPU.S2,low,62,248800.94918229914,320812
CPU.S2,medium,62,132912.0339456165,352038
CPU.S2,high,62,254653.14082309682,281609
CPU.S3,low,62,0.0,0
CPU.S3,medium,62,0.0,0
CPU.S3,high,62,0.0,0
CPU.S4,low,62,0.0,0
CPU.S4,medium,62,0.0,0
CPU.S4,high,62,0.0,0
GPU.S1,low,62,1034.6171480395624,247
GPU.S1,medium,62,1282.507849781409,1262
GPU.S1,high,62,873.0,873
GPU.S2,low,62,140.4400055413506,134
GPU.S2,medium,62,166.12070484589913,161
GPU.S2,high,62,47.0,47
GPU.S3,low,62,0.0,0
GPU.S3,medium,62,0.0,0
GPU.S3,high,62,0.0,0
CPU.S1,low,63,95301.94420655303,0
CPU.S1,medium,63,294682.890559793,452285
CPU.S1,high,63,162714.2209944354,134886
CPU.S2,low,63,259582.42587043476,279037
CPU.S2,medium,63,132187.31094855742,294215
CPU.S2,high,63,250289.0,250289
CPU.S3,low,63,0.0,0
CPU.S3,medium,63,0.0,0
CPU.S3,high,63,0.0,0
CPU.S4,low,63,0.0,0
CPU.S4,medium,63,0.0,0
CPU.S4,high,63,0.0,0
GPU.S1,low,63,1019.6804425424742,118
GPU.S1,medium,63,1332.0,1332
GPU.S1,high,63,831.0,831
GPU.S2,low,63,141.0,141
GPU.S2,medium,63,167.0,167
GPU.S2,high,63,43.0,43
GPU.S3,low,63,0.0,0
GPU.S3,medium,63,0.0,0
GPU.S3,high,63,0.0,0
CPU.S1,low,64,95867.7110680594,79009
CPU.S1,medium,64,304278.6861478961,437122
CPU.S1,high,64,160557.01502221377,109838
CPU.S2,low,64,270562.731830028,262695
CPU.S2,medium,64,127564.88517552876,295023
CPU.S2,high,64,252502.47335942218,239007
CPU.S3,low,64,0.0,0
CPU.S3,medium,64,0.0,0
CPU.S3,high,64,0.0,0
CPU.S4,low,64,0.0,0
CPU.S4,medium,64,0.0,0
CPU.S4,high,64,0.0,0
GPU.S1,low,64,461.72812949441845,311
GPU.S1,medium,64,1369.0,1369
GPU.S1,high,64,1297.0,1297
GPU.S2,low,64,122.3935155757506,118
GPU.S2,medium,64,198.0,198
GPU.S2,high,64,27.0,27
GPU.S3,low,64,0.0,0
GPU.S3,medium,64,0.0,0
GPU.S3,high,64,0.0,0
CPU.S1,low,65,94385.0,94385
CPU.S1,medium,65,293059.7082177855,478055
CPU.S1,high,65,163429.79464780318,142622
CPU.S2,low,65,273299.0,273299
CPU.S2,medium,65,129342.63050088199,349052
CPU.S2,high,65,268523.0,268523
CPU.S3,low,65,0.0,0
CPU.S3,medium,65,0.0,0
CPU.S3,high,65,0.0,0
CPU.S4,low,65,0.0,0
CPU.S4,medium,65,0.0,0
CPU.S4,high,65,0.0,0
GPU.S1,low,65,473.0,473
GPU.S1,medium,65,1353.0,1353
GPU.S1,high,65,1445.0,1445
GPU.S2,low,65,152.0,152
GPU.S2,medium,65,203.0,203
GPU.S2,high,65,25.0,25
GPU.S3,low,65,0.0,0
GPU.S3,medium,65,0.0,0
GPU.S3,high,65,0.0,0
CPU.S1,low,66,90145.62138894675,81882
CPU.S1,medium,66,295967.7676165183,586328
CPU.S1,high,66,166029.25880897683,170229
CPU.S2,low,66,304980.36684427096,410038
CPU.S2,medium,66,127219.36936136946,371789
CPU.S2,high,66,264730.6069391467,324987
CPU.S3,low,66,0.0,0
CPU.S3,medium,66,0.0,0
CPU.S3,high,66,0.0,0
CPU.S4,low,66,0.0,0
CPU.S4,medium,66,0.0,0
CPU.S4,high,66,0.0,0
GPU.S1,low,66,468.9822647176131,515
GPU.S1,medium,66,1321.0,1321
GPU.S1,high,66,1938.33672642578,1962
GPU.S2,low,66,189.0,189
GPU.S2,medium,66,216.0,216
GPU.S2,high,66,30.0,30
GPU.S3,low,66,0.0,0
GPU.S3,medium,66,0.0,0
GPU.S3,high,66,0.0,0
CPU.S1,low,67,88670.93816713321,58138
CPU.S1,medium,67,304209.08502962545,466342
CPU.S1,high,67,172021.52964756283,154923
CPU.S2,low,67,330229.0,330229
CPU.S2,medium,67,123880.62813032913,279496
CPU.S2,high,67,247352.96810463673,247221
CPU.S3,low,67,0.0,0
CPU.S3,medium,67,0.0,0
CPU.S3,high,67,0.0,0
CPU.S4,low,67,0.0,0
CPU.S4,medium,67,0.0,0
CPU.S4,high,67,0.0,0
GPU.S1,low,67,711.0,711
GPU.S1,medium,67,1273.0,1273
GPU.S1,high,67,1717.0,1717
GPU.S2,low,67,226.0,226
GPU.S2,medium,67,255.0,255
GPU.S2,high,67,0.0,0
GPU.S3,low,67,0.0,0
GPU.S3,medium,67,0.0,0
GPU.S3,high,67,0.0,0
CPU.S1,low,68,86265.64686419704,44211
CPU.S1,medium,68,304984.46106561436,492118
CPU.S1,high,68,169548.88868200168,163940
CPU.S2,low,68,379685.8137579335,381451
CPU.S2,medium,68,123658.98788733926,287222
CPU.S2,high,68,241622.0,241622
CPU.S3,low,68,0.0,0
CPU.S3,medium,68,0.0,0
CPU.S3,high,68,0.0,0
CPU.S4,low,68,0.0,0
CPU.S4,medium,68,0.0,0
CPU.S4,high,68,0.0,0
GPU.S1,low,68,895.187414397744,644
GPU.S1,medium,68,1308.0,1308
GPU.S1,high,68,1480.0,1480
GPU.S2,low,68,229.0,229
GPU.S2,medium,68,257.0,257
GPU.S2,high,68,33.0,33
GPU.S3,low,68,0.0,0
GPU.S3,medium,68,0.0,0
GPU.S3,high,68,0.0,0
CPU.S1,low,69,89441.17565220455,119723
CPU.S1,medium,69,302430.05426538177,502981
CPU.S1,high,69,173158.0,173158
CPU.S2,low,69,386955.51111337513,399764
CPU.S2,medium,69,125899.45551732698,320477
CPU.S2,high,69,246782.39771845695,232205
CPU.S3,low,69,0.0,0
CPU.S3,medium,69,0.0,0
CPU.S3,high,69,0.0,0
CPU.S4,low,69,0.0,0
CPU.S4,medium,69,0.0,0
CPU.S4,high,69,0.0,0
GPU.S1,low,69,895.6837319390261,627
GPU.S1,medium,69,1368.0,1368
GPU.S1,high,69,1498.8208385706862,1497
GPU.S2,low,69,262.0,262
GPU.S2,medium,69,311.0,311
GPU.S2,high,69,76.0,76
GPU.S3,low,69,0.0,0
GPU.S3,medium,69,0.0,0
GPU.S3,high,69,0.0,0
CPU.S1,low,70,89370.22132982968,154933
CPU.S1,medium,70,306677.9474118169,540604
CPU.S1,high,70,167492.17002242073,180849
CPU.S2,low,70,376194.41768394865,455234
CPU.S2,medium,70,128442.79221384147,296387
CPU.S2,high,70,249336.0,249336
CPU.S3,low,70,0.0,0
CPU.S3,medium,70,0.0,0
CPU.S3,high,70,0.0,0
CPU.S4,low,70,0.0,0
CPU.S4,medium,70,0.0,0
CPU.S4,high,70,0.0,0
GPU.S1,low,70,897.9072380097577,588
GPU.S1,medium,70,1249.0432151147363,1197
GPU.S1,high,70,1562.0,1562
GPU.S2,low,70,305.0,305
GPU.S2,medium,70,342.0,342
GPU.S2,high,70,113.0,113
GPU.S3,low,70,0.0,0
GPU.S3,medium,70,0.0,0
GPU.S3,high,70,0.0,0
CPU.S1,low,71,88835.87807889946,269068
CPU.S1,medium,71,297241.73382823146,542823
CPU.S1,high,71,175018.95670052408,147205
CPU.S2,low,71,384314.5158944776,472218
CPU.S2,medium,71,127466.55574384786,239347
CPU.S2,high,71,244012.28740742416,279143
CPU.S3,low,71,0.0,0
CPU.S3,medium,71,0.0,0
CPU.S3,high,71,0.0,0
CPU.S4,low,71,0.0,0
CPU.S4,medium,71,0.0,0
CPU.S4,high,71,0.0,0
GPU.S1,low,71,880.5995440707063,541
GPU.S1,medium,71,1251.1705494285554,1191
GPU.S1,high,71,1607.0940206817613,1596
GPU.S2,low,71,276.37416944432607,229
GPU.S2,medium,71,375.0,375
GPU.S2,high,71,120.0,120
GPU.S3,low,71,0.0,0
GPU.S3,medium,71,0.0,0
GPU.S3,high,71,0.0,0
CPU.S1,low,72,25620.86281068103,383748
CPU.S1,medium,72,272381.425810082,599588
CPU.S1,high,72,267832.99576916784,297740
CPU.S2,low,72,448430.9675498102,470758
CPU.S2,medium,72,142626.03831327078,269178
CPU.S2,high,72,154521.0,154521
CPU.S3,low,72,0.0,0
CPU.S3,medium,72,0.0,0
CPU.S3,high,72,0.0,0
CPU.S4,low,72,0.0,0
CPU.S4,medium,72,0.0,0
CPU.S4,high,72,0.0,0
GPU.S1,low,72,679.9100758248476,626
GPU.S1,medium,72,1313.0,1313
GPU.S1,high,72,1785.0,1785
GPU.S2,low,72,241.0,241
GPU.S2,medium,72,393.0,393
GPU.S2,high,72,159.0,159
GPU.S3,low,72,0.0,0
GPU.S3,medium,72,0.0,0
GPU.S3,high,72,0.0,0
CPU.S1,low,73,25442.92335172523,341966
CPU.S1,medium,73,264072.2673410823,477229
CPU.S1,high,73,264050.451606333,270002
CPU.S2,low,73,446578.6571581972,481717
CPU.S2,medium,73,147283.69056143542,225690
CPU.S2,high,73,151744.15796751183,150453
CPU.S3,low,73,29541.0,29541
CPU.S3,medium,73,21589.0,21589
CPU.S3,high,73,8377.0,8377
CPU.S4,low,73,0.0,0
CPU.S4,medium,73,0.0,0
CPU.S4,high,73,0.0,0
GPU.S1,low,73,562.2222919652663,438
GPU.S1,medium,73,1421.0,1421
GPU.S1,high,73,1879.0,1879
GPU.S2,low,73,271.0,271
GPU.S2,medium,73,445.0,445
GPU.S2,high,73,142.0,142
GPU.S3,low,73,0.0,0
GPU.S3,medium,73,0.0,0
GPU.S3,high,73,0.0,0
CPU.S1,low,74,25230.179210989954,306346
CPU.S1,medium,74,271741.15556290426,451407
CPU.S1,high,74,268010.20597003895,326146
CPU.S2,low,74,455869.0834940214,548474
CPU.S2,medium,74,142705.8755855212,220558
CPU.S2,high,74,154159.8901485425,165717
CPU.S3,low,74,33050.0,33050
CPU.S3,medium,74,26414.0,26414
CPU.S3,high,74,10785.0,10785
CPU.S4,low,74,0.0,0
CPU.S4,medium,74,0.0,0
CPU.S4,high,74,0.0,0
GPU.S1,low,74,463.5966873287834,541
GPU.S1,medium,74,1235.0966148127372,1392
GPU.S1,high,74,2178.0,2178
GPU.S2,low,74,301.0,301
GPU.S2,medium,74,468.0,468
GPU.S2,high,74,160.0,160
GPU.S3,low,74,0.0,0
GPU.S3,medium,74,0.0,0
GPU.S3,high,74,0.0,0
CPU.S1,low,75,34233.66858899772,342520
CPU.S1,medium,75,273295.05801941,383926
CPU.S1,high,75,250323.0,250323
CPU.S2,low,75,455177.4030082756,512593
CPU.S2,medium,75,145564.393721374,173793
CPU.S2,high,75,153095.50247218882,150366
CPU.S3,low,75,36102.0,36102
CPU.S3,medium,75,27907.0,27907
CPU.S3,high,75,12395.0,12395
CPU.S4,low,75,0.0,0
CPU.S4,medium,75,0.0,0
CPU.S4,high,75,0.0,0
GPU.S1,low,75,0.0,501
GPU.S1,medium,75,1067.8771446054473,1359
GPU.S1,high,75,2738.0165371873754,2955
GPU.S2,low,75,308.0,308
GPU.S2,medium,75,502.0,502
GPU.S2,high,75,123.0,123
GPU.S3,low,75,0.0,0
GPU.S3,medium,75,0.0,0
GPU.S3,high,75,0.0,0
CPU.S1,low,76,50602.95262470933,302986
CPU.S1,medium,76,268183.59199619753,332751
CPU.S1,high,76,235577.0,235577
CPU.S2,low,76,455475.0,455475
CPU.S2,medium,76,147308.0,147308
CPU.S2,high,76,151728.0,151728
CPU.S3,low,76,36491.34123791313,32211
CPU.S3,medium,76,31425.0,31425
CPU.S3,high,76,12613.554528014894,11574
CPU.S4,low,76,0.0,0
CPU.S4,medium,76,0.0,0
CPU.S4,high,76,0.0,0
GPU.S1,low,76,0.0,546
GPU.S1,medium,76,308.123912697657,1312
GPU.S1,high,76,3621.7800678545423,3672
GPU.S2,low,76,337.0,337
GPU.S2,medium,76,498.0,498
GPU.S2,high,76,103.0,103
GPU.S3,low,76,0.0,0
GPU.S3,medium,76,0.0,0
GPU.S3,high,76,0.0,0
CPU.S1,low,77,75923.22744910332,323184
CPU.S1,medium,77,270290.1085907987,367217
CPU.S1,high,77,216579.0,216579
CPU.S2,low,77,492838.67698323634,508837
CPU.S2,medium,77,104424.0,104424
CPU.S2,high,77,166070.0,166070
CPU.S3,low,77,37628.0,37628
CPU.S3,medium,77,39167.0,39167
CPU.S3,high,77,13346.0,13346
CPU.S4,low,77,0.0,0
CPU.S4,medium,77,0.0,0
CPU.S4,high,77,0.0,0
GPU.S1,low,77,0.0,845
GPU.S1,medium,77,314.7803623135922,1346
GPU.S1,high,77,3570.8104569469347,4112
GPU.S2,low,77,340.0,340
GPU.S2,medium,77,526.0,526
GPU.S2,high,77,188.0,188
GPU.S3,low,77,0.0,0
GPU.S3,medium,77,0.0,0
GPU.S3,high,77,0.0,0
CPU.S1,low,78,76695.51782276499,311838
CPU.S1,medium,78,274867.4450066267,394274
CPU.S1,high,78,214439.30817044806,252027
CPU.S2,low,78,489332.93192149996,589845
CPU.S2,medium,78,107414.62304898183,118793
CPU.S2,high,78,164372.39101613293,181761
CPU.S3,low,78,53200.0,53200
CPU.S3,medium,78,55354.0,55354
CPU.S3,high,78,18884.0,18884
CPU.S4,low,78,0.0,0
CPU.S4,medium,78,0.0,0
CPU.S4,high,78,0.0,0
GPU.S1,low,78,0.0,757
GPU.S1,medium,78,308.1416996410354,1353
GPU.S1,high,78,3614.4290570712983,3621
GPU.S2,low,78,342.0,342
GPU.S2,medium,78,561.0,561
GPU.S2,high,78,139.0,139
GPU.S3,low,78,0.0,0
GPU.S3,medium,78,0.0,0
GPU.S3,high,78,0.0,0
CPU.S1,low,79,103753.41493717817,221052
CPU.S1,medium,79,268805.13272576465,294761
CPU.S1,high,79,181843.0,181843
CPU.S2,low,79,486080.125372151,458644
CPU.S2,medium,79,99061.72888851615,78151
CPU.S2,high,79,160601.50556784717,123476
CPU.S3,low,79,53441.7115455311,52414
CPU.S3,medium,79,55973.168304159495,44369
CPU.S3,high,79,19218.19073328585,16656
CPU.S4,low,79,0.0,0
CPU.S4,medium,79,0.0,0
CPU.S4,high,79,0.0,0
GPU.S1,low,79,0.0,810
GPU.S1,medium,79,302.2822781396886,1323
GPU.S1,high,79,3586.0,3586
GPU.S2,low,79,443.0,443
GPU.S2,medium,79,558.0,558
GPU.S2,high,79,173.0,173
GPU.S3,low,79,0.0,0
GPU.S3,medium,79,0.0,0
GPU.S3,high,79,0.0,0
CPU.S1,low,80,119530.92465256176,287284
CPU.S1,medium,80,257948.64697388894,252615
CPU.S1,high,80,167708.0,167708
CPU.S2,low,80,483827.57794570155,450875
CPU.S2,medium,80,102496.46961672019,73304
CPU.S2,high,80,166027.95962430467,131121
CPU.S3,low,80,64979.0,64979
CPU.S3,medium,80,55730.63198034093,54262
CPU.S3,high,80,20622.0,20622
CPU.S4,low,80,0.0,0
CPU.S4,medium,80,0.0,0
CPU.S4,high,80,0.0,0
GPU.S1,low,80,0.0,864
GPU.S1,medium,80,659.9022643208278,1287
GPU.S1,high,80,3255.0,3255
GPU.S2,low,80,408.0,408
GPU.S2,medium,80,641.0,641
GPU.S2,high,80,386.0,386
GPU.S3,low,80,0.0,0
GPU.S3,medium,80,0.0,0
GPU.S3,high,80,0.0,0
CPU.S1,low,81,118284.57422346533,357877
CPU.S1,medium,81,248961.26862837165,278462
CPU.S1,high,81,28611.97949073286,28601
CPU.S2,low,81,482535.8521089368,440463
CPU.S2,medium,81,101798.36552649517,99127
CPU.S2,high,81,162510.18878083746,150070
CPU.S3,low,81,73127.0,73127
CPU.S3,medium,81,59937.0,59937
CPU.S3,high,81,24934.0,24934
CPU.S4,low,81,0.0,0
CPU.S4,medium,81,0.0,0
CPU.S4,high,81,0.0,0
GPU.S1,low,81,1258.1597013756777,1196
GPU.S1,medium,81,1668.0,1668
GPU.S1,high,81,966.0,966
GPU.S2,low,81,395.13586245685406,417
GPU.S2,medium,81,600.0,600
GPU.S2,high,81,510.0,510
GPU.S3,low,81,0.0,0
GPU.S3,medium,81,0.0,0
GPU.S3,high,81,0.0,0
CPU.S1,low,82,121684.28662493077,316587
CPU.S1,medium,82,257039.0,257039
CPU.S1,high,82,29620.0,29620
CPU.S2,low,82,492963.2358927006,354475
CPU.S2,medium,82,102823.38271232709,0
CPU.S2,high,82,166752.02413222488,157119
CPU.S3,low,82,82733.0,82733
CPU.S3,medium,82,65851.0,65851
CPU.S3,high,82,28091.0,28091
CPU.S4,low,82,0.0,0
CPU.S4,medium,82,0.0,0
CPU.S4,high,82,0.0,0
GPU.S1,low,82,1262.9957269298197,1376
GPU.S1,medium,82,1712.0,1712
GPU.S1,high,82,843.0,843
GPU.S2,low,82,360.0,360
GPU.S2,medium,82,648.0,648
GPU.S2,high,82,473.0,473
GPU.S3,low,82,0.0,0
GPU.S3,medium,82,0.0,0
GPU.S3,high,82,0.0,0
CPU.S1,low,83,122210.83197843461,418148
CPU.S1,medium,83,222618.0,222618
CPU.S1,high,83,29774.843022947818,34974
CPU.S2,low,83,488580.23395642865,412329
CPU.S2,medium,83,99019.41057490007,4162
CPU.S2,high,83,163726.0,163726
CPU.S3,low,83,102103.0,102103
CPU.S3,medium,83,67995.0,67995
CPU.S3,high,83,32288.0,32288
CPU.S4,low,83,0.0,0
CPU.S4,medium,83,0.0,0
CPU.S4,high,83,0.0,0
GPU.S1,low,83,1295.488297171367,1111
GPU.S1,medium,83,1653.0,1653
GPU.S1,high,83,805.0,805
GPU.S2,low,83,394.0041218458135,464
GPU.S2,medium,83,625.0,625
GPU.S2,high,83,478.0,478
GPU.S3,low,83,0.0,0
GPU.S3,medium,83,0.0,0
GPU.S3,high,83,0.0,0
CPU.S1,low,84,120415.33101789237,385311
CPU.S1,medium,84,193286.0,193286
CPU.S1,high,84,29212.0,29212
CPU.S2,low,84,524439.0,524439
CPU.S2,medium,84,98353.68081043495,31280
CPU.S2,high,84,178767.0,178767
CPU.S3,low,84,116715.22718712059,127172
CPU.S3,medium,84,78402.0,78402
CPU.S3,high,84,28773.0,28773
CPU.S4,low,84,0.0,0
CPU.S4,medium,84,0.0,0
CPU.S4,high,84,0.0,0
GPU.S1,low,84,1267.1843445439354,1205
GPU.S1,medium,84,1671.7074034259417,1530
GPU.S1,high,84,791.0,791
GPU.S2,low,84,550.6533058734186,537
GPU.S2,medium,84,763.9181835385722,751
GPU.S2,high,84,178.78729420264366,142
GPU.S3,low,84,0.0,0
GPU.S3,medium,84,0.0,0
GPU.S3,high,84,0.0,0
CPU.S1,low,85,120453.21690718897,300369
CPU.S1,medium,85,142858.0,142858
CPU.S1,high,85,23118.246198418634,22757
CPU.S2,low,85,542971.5290039249,545624
CPU.S2,medium,85,99744.15860281937,67390
CPU.S2,high,85,180593.0,180593
CPU.S3,low,85,119140.0,119140
CPU.S3,medium,85,77627.37292579902,74372
CPU.S3,high,85,31589.0,31589
CPU.S4,low,85,0.0,0
CPU.S4,medium,85,0.0,0
CPU.S4,high,85,0.0,0
GPU.S1,low,85,1292.185378472369,1041
GPU.S1,medium,85,1737.983578096033,1512
GPU.S1,high,85,782.7089370054643,703
GPU.S2,low,85,531.0,531
GPU.S2,medium,85,791.0256909331657,732
GPU.S2,high,85,175.0,175
GPU.S3,low,85,0.0,0
GPU.S3,medium,85,0.0,0
GPU.S3,high,85,0.0,0
CPU.S1,low,86,122182.5131859839,320899
CPU.S1,medium,86,145291.41805460394,149432
CPU.S1,high,86,23859.0,23859
CPU.S2,low,86,547150.1479892066,596423
CPU.S2,medium,86,96104.0,96104
CPU.S2,high,86,177554.61784164593,178657
CPU.S3,low,86,136546.0,136546
CPU.S3,medium,86,75600.86919352476,80223
CPU.S3,high,86,34879.0,34879
CPU.S4,low,86,0.0,0
CPU.S4,medium,86,0.0,0
CPU.S4,high,86,0.0,0
GPU.S1,low,86,1266.7429155398543,964
GPU.S1,medium,86,1732.7322412460117,1668
GPU.S1,high,86,776.0,776
GPU.S2,low,86,507.0,507
GPU.S2,medium,86,873.0,873
GPU.S2,high,86,133.0,133
GPU.S3,low,86,0.0,0
GPU.S3,medium,86,0.0,0
GPU.S3,high,86,0.0,0
CPU.S1,low,87,124212.66835452922,310158
CPU.S1,medium,87,145180.5921650208,129854
CPU.S1,high,87,23664.79967167268,24727
CPU.S2,low,87,528963.0,528963
CPU.S2,medium,87,127858.60746919067,123509
CPU.S2,high,87,143215.0,143215
CPU.S3,low,87,140144.0,140144
CPU.S3,medium,87,74907.0,74907
CPU.S3,high,87,34662.0,34662
CPU.S4,low,87,0.0,0
CPU.S4,medium,87,0.0,0
CPU.S4,high,87,0.0,0
GPU.S1,low,87,981.0519397348273,806
GPU.S1,medium,87,1904.0,1904
GPU.S1,high,87,887.0,887
GPU.S2,low,87,424.3023928183966,535
GPU.S2,medium,87,973.0,973
GPU.S2,high,87,143.0,143
GPU.S3,low,87,0.0,0
GPU.S3,medium,87,0.0,0
GPU.S3,high,87,0.0,0
CPU.S1,low,88,119312.71512130983,319509
CPU.S1,medium,88,145583.2750349151,124311
CPU.S1,high,88,23010.1383436905,21110
CPU.S2,low,88,534157.5554793382,447804
CPU.S2,medium,88,140593.0,140593
CPU.S2,high,88,138936.55953618974,123528
CPU.S3,low,88,150225.0,150225
CPU.S3,medium,88,64067.34766108348,60337
CPU.S3,high,88,37404.0,37404
CPU.S4,low,88,0.0,0
CPU.S4,medium,88,0.0,0
CPU.S4,high,88,0.0,0
GPU.S1,low,88,877.0,877
GPU.S1,medium,88,1980.8603031802593,2030
GPU.S1,high,88,873.0,873
GPU.S2,low,88,418.42764452767193,409
GPU.S2,medium,88,956.0700145518921,878
GPU.S2,high,88,126.0,126
GPU.S3,low,88,0.0,0
GPU.S3,medium,88,0.0,0
GPU.S3,high,88,0.0,0
CPU.S1,low,89,121918.58590002877,403332
CPU.S1,medium,89,147273.25162402698,150941
CPU.S1,high,89,23473.0,23473
CPU.S2,low,89,541882.0,541882
CPU.S2,medium,89,136611.0,136611
CPU.S2,high,89,138397.0,138397
CPU.S3,low,89,181701.0,181701
CPU.S3,medium,89,64816.0,64816
CPU.S3,high,89,39193.0,39193
CPU.S4,low,89,0.0,0
CPU.S4,medium,89,0.0,0
CPU.S4,high,89,0.0,0
GPU.S1,low,89,962.0,962
GPU.S1,medium,89,1920.0,1920
GPU.S1,high,89,861.0,861
GPU.S2,low,89,414.86510940530746,403
GPU.S2,medium,89,967.8079080206046,880
GPU.S2,high,89,113.35635105092813,111
GPU.S3,low,89,0.0,0
GPU.S3,medium,89,0.0,0
GPU.S3,high,89,0.0,0
CPU.S1,low,90,115103.2352849246,468758
CPU.S1,medium,90,147021.8522704913,180826
CPU.S1,high,90,26057.27329789181,30081
CPU.S2,low,90,549050.6533268489,674834
CPU.S2,medium,90,187398.0,187398
CPU.S2,high,90,143939.19306490116,162300
CPU.S3,low,90,221684.5647709336,256141
CPU.S3,medium,90,75617.29337572449,87164
CPU.S3,high,90,48461.0,48461
CPU.S4,low,90,0.0,0
CPU.S4,medium,90,0.0,0
CPU.S4,high,90,0.0,0
GPU.S1,low,90,731.1786980008662,967
GPU.S1,medium,90,1996.4761915962424,2037
GPU.S1,high,90,1003.0,1003
GPU.S2,low,90,401.0,401
GPU.S2,medium,90,974.0,974
GPU.S2,high,90,116.0,116
GPU.S3,low,90,0.0,0
GPU.S3,medium,90,0.0,0
GPU.S3,high,90,0.0,0
CPU.S1,low,91,116708.30391852274,378483
CPU.S1,medium,91,143674.31096949102,141143
CPU.S1,high,91,26335.0,26335
CPU.S2,low,91,557139.7642855073,513922
CPU.S2,medium,91,186920.7067687731,181748
CPU.S2,high,91,113150.0,113150
CPU.S3,low,91,227018.0,227018
CPU.S3,medium,91,75297.45403249815,62558
CPU.S3,high,91,50201.9367510486,42076
CPU.S4,low,91,0.0,0
CPU.S4,medium,91,0.0,0
CPU.S4,high,91,0.0,0
GPU.S1,low,91,729.0,729
GPU.S1,medium,91,2169.497261095771,2105
GPU.S1,high,91,842.0662762038809,833
GPU.S2,low,91,447.0,447
GPU.S2,medium,91,969.0,969
GPU.S2,high,91,164.0,164
GPU.S3,low,91,0.0,0
GPU.S3,medium,91,0.0,0
GPU.S3,high,91,0.0,0
CPU.S1,low,92,78411.43654319542,375893
CPU.S1,medium,92,156733.0,156733
CPU.S1,high,92,26360.42913753581,26664
CPU.S2,low,92,565637.6621864749,637867
CPU.S2,medium,92,189263.0,189263
CPU.S2,high,92,117827.45626784793,111731
CPU.S3,low,92,305155.0,305155
CPU.S3,medium,92,77143.0,77143
CPU.S3,high,92,51637.0,51637
CPU.S4,low,92,0.0,0
CPU.S4,medium,92,0.0,0
CPU.S4,high,92,0.0,0
GPU.S1,low,92,638.1194667289265,636
GPU.S1,medium,92,2279.0,2279
GPU.S1,high,92,842.0,842
GPU.S2,low,92,454.200413026992,479
GPU.S2,medium,92,870.0,870
GPU.S2,high,92,217.0,217
GPU.S3,low,92,0.0,0
GPU.S3,medium,92,0.0,0
GPU.S3,high,92,0.0,0
CPU.S1,low,93,71380.03048233579,410157
CPU.S1,medium,93,166384.55965913643,178537
CPU.S1,high,93,25699.0,25699
CPU.S2,low,93,553484.5906804004,974865
CPU.S2,medium,93,191474.1542607288,191971
CPU.S2,high,93,116735.01410920658,110947
CPU.S3,low,93,313269.0,313269
CPU.S3,medium,93,78744.0,78744
CPU.S3,high,93,53562.0,53562
CPU.S4,low,93,0.0,0
CPU.S4,medium,93,0.0,0
CPU.S4,high,93,0.0,0
GPU.S1,low,93,498.70723705435523,456
GPU.S1,medium,93,2343.0,2343
GPU.S1,high,93,847.0,847
GPU.S2,low,93,589.0835183655481,378
GPU.S2,medium,93,726.0,726
GPU.S2,high,93,249.0,249
GPU.S3,low,93,0.0,0
GPU.S3,medium,93,0.0,0
GPU.S3,high,93,0.0,0
CPU.S1,low,94,50158.10993978201,543429
CPU.S1,medium,94,164590.50242580468,194598
CPU.S1,high,94,21286.0,21286
CPU.S2,low,94,577339.985870335,916425
CPU.S2,medium,94,188137.01886448797,133830
CPU.S2,high,94,122533.0,122533
CPU.S3,low,94,359811.0,359811
CPU.S3,medium,94,94308.0,94308
CPU.S3,high,94,58938.0,58938
CPU.S4,low,94,0.0,0
CPU.S4,medium,94,0.0,0
CPU.S4,high,94,0.0,0
GPU.S1,low,94,703.601455256503,765
GPU.S1,medium,94,2398.0,2398
GPU.S1,high,94,692.0,692
GPU.S2,low,94,613.0653007678332,550
GPU.S2,medium,94,719.0,719
GPU.S2,high,94,256.0,256
GPU.S3,low,94,0.0,0
GPU.S3,medium,94,0.0,0
GPU.S3,high,94,0.0,0
CPU.S1,low,95,25082.056493492044,491077
CPU.S1,medium,95,166075.24732820888,209632
CPU.S1,high,95,20273.440080595283,18071
CPU.S2,low,95,555454.3751193186,1015577
CPU.S2,medium,95,197746.0,197746
CPU.S2,high,95,118139.87275672973,115811
CPU.S3,low,95,414372.0,414372
CPU.S3,medium,95,100599.0,100599
CPU.S3,high,95,67618.0,67618
CPU.S4,low,95,0.0,0
CPU.S4,medium,95,0.0,0
CPU.S4,high,95,0.0,0
GPU.S1,low,95,515.1676884309426,598
GPU.S1,medium,95,2617.0,2617
GPU.S1,high,95,660.0,660
GPU.S2,low,95,642.0,642
GPU.S2,medium,95,714.0,714
GPU.S2,high,95,235.0,235
GPU.S3,low,95,0.0,0
GPU.S3,medium,95,0.0,0
GPU.S3,high,95,0.0,0
CPU.S1,low,96,23487.05135620907,638862
CPU.S1,medium,96,166166.59627578355,208236
CPU.S1,high,96,19856.0,19856
CPU.S2,low,96,563430.6474590992,1134386
CPU.S2,medium,96,194336.02466843775,202127
CPU.S2,high,96,116613.0,116613
CPU.S3,low,96,424219.6652204802,432195
CPU.S3,medium,96,111739.0,111739
CPU.S3,high,96,76252.0,76252
CPU.S4,low,96,0.0,0
CPU.S4,medium,96,0.0,0
CPU.S4,high,96,0.0,0
GPU.S1,low,96,528.4816737507288,966
GPU.S1,medium,96,2274.6082409194905,2682
GPU.S1,high,96,904.0,904
GPU.S2,low,96,576.0,576
GPU.S2,medium,96,796.0,796
GPU.S2,high,96,229.0,229
GPU.S3,low,96,0.0,0
GPU.S3,medium,96,0.0,0
GPU.S3,high,96,0.0,0
CPU.S1,low,97,24278.844056589343,630813
CPU.S1,medium,97,166965.42880752546,213131
CPU.S1,high,97,20677.57754160389,25068
CPU.S2,low,97,572979.7837497307,1072954
CPU.S2,medium,97,199383.27146662897,215628
CPU.S2,high,97,109268.0,109268
CPU.S3,low,97,405190.62979933067,474621
CPU.S3,medium,97,123690.94267159,133045
CPU.S3,high,97,82636.0,82636
CPU.S4,low,97,0.0,0
CPU.S4,medium,97,0.0,0
CPU.S4,high,97,0.0,0
GPU.S1,low,97,473.0,473
GPU.S1,medium,97,1389.0,1389
GPU.S1,high,97,551.0,551
GPU.S2,low,97,640.0521746064684,573
GPU.S2,medium,97,779.5347883383075,773
GPU.S2,high,97,210.0,210
GPU.S3,low,97,67.0,67
GPU.S3,medium,97,83.0,83
GPU.S3,high,97,250.0,250
CPU.S1,low,98,18570.196795856667,677391
CPU.S1,medium,98,168254.67606760474,184228
CPU.S1,high,98,16137.0,16137
CPU.S2,low,98,575965.9610896595,1143695
CPU.S2,medium,98,201660.66183932163,224270
CPU.S2,high,98,106976.0843219666,113064
CPU.S3,low,98,427775.4084725605,441799
CPU.S3,medium,98,119153.31838325365,130387
CPU.S3,high,98,80673.0,80673
CPU.S4,low,98,0.0,0
CPU.S4,medium,98,0.0,0
CPU.S4,high,98,0.0,0
GPU.S1,low,98,534.0,534
GPU.S1,medium,98,1318.0,1318
GPU.S1,high,98,536.0,536
GPU.S2,low,98,784.0,784
GPU.S2,medium,98,775.0,775
GPU.S2,high,98,245.0,245
GPU.S3,low,98,76.0,76
GPU.S3,medium,98,95.0,95
GPU.S3,high,98,322.0,322
CPU.S1,low,99,16176.518005149395,497411
CPU.S1,medium,99,128077.0,128077
CPU.S1,high,99,15127.0,15127
CPU.S2,low,99,550213.8224751066,986068
CPU.S2,medium,99,217032.14103779342,212753
CPU.S2,high,99,98187.0,98187
CPU.S3,low,99,414980.772617843,395635
CPU.S3,medium,99,124923.51404717525,102865
CPU.S3,high,99,77223.86330418388,75753
CPU.S4,low,99,0.0,0
CPU.S4,medium,99,0.0,0
CPU.S4,high,99,0.0,0
GPU.S1,low,99,620.0,620
GPU.S1,medium,99,1206.0,1206
GPU.S1,high,99,503.0,503
GPU.S2,low,99,878.0,878
GPU.S2,medium,99,770.0,770
GPU.S2,high,99,301.0,301
GPU.S3,low,99,109.0,109
GPU.S3,medium,99,119.0,119
GPU.S3,high,99,465.0,465
CPU.S1,low,100,15657.877811390865,400945
CPU.S1,medium,100,111810.0,111810
CPU.S1,high,100,10999.0,10999
CPU.S2,low,100,569624.1789044681,883198
CPU.S2,medium,100,233235.97441507908,253676
CPU.S2,high,100,89020.0,89020
CPU.S3,low,100,412296.00529897946,375836
CPU.S3,medium,100,121186.28733830596,103538
CPU.S3,high,100,77499.02302062455,75520
CPU.S4,low,100,0.0,0
CPU.S4,medium,100,0.0,0
CPU.S4,high,100,0.0,0
GPU.S1,low,100,563.0,563
GPU.S1,medium,100,1126.0,1126
GPU.S1,high,100,429.0,429
GPU.S2,low,100,991.0,991
GPU.S2,medium,100,637.0,637
GPU.S2,high,100,328.0,328
GPU.S3,low,100,144.0,144
GPU.S3,medium,100,148.0,148
GPU.S3,high,100,594.0,594
CPU.S1,low,101,15861.192724193086,367365
CPU.S1,medium,101,86229.0,86229
CPU.S1,high,101,9313.0,9313
CPU.S2,low,101,564330.2757668822,919303
CPU.S2,medium,101,230118.40653158043,279899
CPU.S2,high,101,91808.54348371885,102763
CPU.S3,low,101,412156.0,412156
CPU.S3,medium,101,123466.47710938271,107010
CPU.S3,high,101,87092.0,87092
CPU.S4,low,101,0.0,0
CPU.S4,medium,101,0.0,0
CPU.S4,high,101,0.0,0
GPU.S1,low,101,551.0,551
GPU.S1,medium,101,1009.0,1009
GPU.S1,high,101,427.0,427
GPU.S2,low,101,1039.0,1039
GPU.S2,medium,101,633.0,633
GPU.S2,high,101,323.0,323
GPU.S3,low,101,167.0,167
GPU.S3,medium,101,194.0,194
GPU.S3,high,101,725.0,725
CPU.S1,low,102,15565.449568583703,387750
CPU.S1,medium,102,85781.10565969453,90594
CPU.S1,high,102,8589.0,8589
CPU.S2,low,102,552568.17832353,1100343
CPU.S2,medium,102,233090.82658981727,306826
CPU.S2,high,102,88784.6437289118,110025
CPU.S3,low,102,420678.1347295576,541346
CPU.S3,medium,102,121656.49230349246,138207
CPU.S3,high,102,102386.27285240112,110005
CPU.S4,low,102,0.0,0
CPU.S4,medium,102,0.0,0
CPU.S4,high,102,0.0,0
GPU.S1,low,102,537.0,537
GPU.S1,medium,102,860.0,860
GPU.S1,high,102,360.0,360
GPU.S2,low,102,1110.0,1110
GPU.S2,medium,102,647.0,647
GPU.S2,high,102,362.0,362
GPU.S3,low,102,224.0,224
GPU.S3,medium,102,224.0,224
GPU.S3,high,102,882.0,882
CPU.S1,low,103,11429.641347842464,240153
CPU.S1,medium,103,63461.0,63461
CPU.S1,high,103,4892.0,4892
CPU.S2,low,103,549382.3018604041,906754
CPU.S2,medium,103,230649.0,230649
CPU.S2,high,103,85074.8521120563,82962
CPU.S3,low,103,430625.03106847545,470924
CPU.S3,medium,103,119125.0,119125
CPU.S3,high,103,93896.89026394779,89205
CPU.S4,low,103,0.0,0
CPU.S4,medium,103,0.0,0
CPU.S4,high,103,0.0,0
GPU.S1,low,103,423.0,423
GPU.S1,medium,103,749.0,749
GPU.S1,high,103,330.0,330
GPU.S2,low,103,1054.4628912412534,1030
GPU.S2,medium,103,658.0,658
GPU.S2,high,103,411.0,411
GPU.S3,low,103,245.0,245
GPU.S3,medium,103,230.0,230
GPU.S3,high,103,924.0,924
CPU.S1,low,104,11718.388725629806,218886
CPU.S1,medium,104,53304.0,53304
CPU.S1,high,104,4565.0,4565
CPU.S2,low,104,557349.9029768419,818360
CPU.S2,medium,104,223108.3800792885,249689
CPU.S2,high,104,82576.0,82576
CPU.S3,low,104,422857.24171882187,501503
CPU.S3,medium,104,122702.0,122702
CPU.S3,high,104,97450.0,97450
CPU.S4,low,104,0.0,0
CPU.S4,medium,104,0.0,0
CPU.S4,high,104,0.0,0
GPU.S1,low,104,310.0,310
GPU.S1,medium,104,667.0,667
GPU.S1,high,104,286.0,286
GPU.S2,low,104,1064.0,1064
GPU.S2,medium,104,716.0,716
GPU.S2,high,104,455.0,455
GPU.S3,low,104,276.0,276
GPU.S3,medium,104,292.0,292
GPU.S3,high,104,972.0,972
CPU.S1,low,105,11807.490191799849,166420
CPU.S1,medium,105,35075.0,35075
CPU.S1,high,105,4311.0,4311
CPU.S2,low,105,558728.2974016495,926865
CPU.S2,medium,105,230931.017410164,228789
CPU.S2,high,105,86808.7242641712,78887
CPU.S3,low,105,375568.35938026593,517318
CPU.S3,medium,105,152076.0,152076
CPU.S3,high,105,107964.0,107964
CPU.S4,low,105,0.0,0
CPU.S4,medium,105,0.0,0
CPU.S4,high,105,0.0,0
GPU.S1,low,105,245.0,245
GPU.S1,medium,105,537.0,537
GPU.S1,high,105,219.0,219
GPU.S2,low,105,936.0,936
GPU.S2,medium,105,865.0,865
GPU.S2,high,105,479.0,479
GPU.S3,low,105,336.0,336
GPU.S3,medium,105,329.0,329
GPU.S3,high,105,1095.0,1095
CPU.S1,low,106,11315.540908365163,127626
CPU.S1,medium,106,32786.0,32786
CPU.S1,high,106,4306.0,4306
CPU.S2,low,106,550855.5219557779,962978
CPU.S2,medium,106,250709.0,250709
CPU.S2,high,106,83320.65645456727,84388
CPU.S3,low,106,364097.4580442247,514870
CPU.S3,medium,106,157543.06672308262,169270
CPU.S3,high,106,114400.06299482034,114629
CPU.S4,low,106,0.0,0
CPU.S4,medium,106,0.0,0
CPU.S4,high,106,0.0,0
GPU.S1,low,106,204.0,204
GPU.S1,medium,106,420.0,420
GPU.S1,high,106,151.0,151
GPU.S2,low,106,941.1719162711904,1052
GPU.S2,medium,106,840.0,840
GPU.S2,high,106,491.0,491
GPU.S3,low,106,343.0,343
GPU.S3,medium,106,357.0,357
GPU.S3,high,106,1492.0,1492
CPU.S1,low,107,11522.078767588713,80956
CPU.S1,medium,107,24881.0,24881
CPU.S1,high,107,1350.0,1350
CPU.S2,low,107,512258.91063087183,978743
CPU.S2,medium,107,276365.8934611545,281525
CPU.S2,high,107,82471.7736188981,81646
CPU.S3,low,107,376366.5362535814,545308
CPU.S3,medium,107,155432.63960863653,171459
CPU.S3,high,107,116770.0,116770
CPU.S4,low,107,0.0,0
CPU.S4,medium,107,0.0,0
CPU.S4,high,107,0.0,0
GPU.S1,low,107,159.0,159
GPU.S1,medium,107,249.0,249
GPU.S1,high,107,81.0,81
GPU.S2,low,107,1014.0,1014
GPU.S2,medium,107,793.2935679020748,788
GPU.S2,high,107,488.0,488
GPU.S3,low,107,400.0,400
GPU.S3,medium,107,398.0,398
GPU.S3,high,107,1620.0,1620
CPU.S1,low,108,0.0,42115
CPU.S1,medium,108,19117.0,19117
CPU.S1,high,108,1015.0,1015
CPU.S2,low,108,513115.52252137166,932271
CPU.S2,medium,108,265964.82397256925,322088
CPU.S2,high,108,83217.93437269043,86261
CPU.S3,low,108,376089.79559638153,584636
CPU.S3,medium,108,127544.45124568422,174820
CPU.S3,high,108,141608.0,141608
CPU.S4,low,108,0.0,0
CPU.S4,medium,108,0.0,0
CPU.S4,high,108,0.0,0
GPU.S1,low,108,83.0,83
GPU.S1,medium,108,123.0,123
GPU.S1,high,108,53.0,53
GPU.S2,low,108,981.060287206581,1030
GPU.S2,medium,108,876.0,876
GPU.S2,high,108,455.0,455
GPU.S3,low,108,462.0,462
GPU.S3,medium,108,533.0,533
GPU.S3,high,108,1595.0,1595
CPU.S1,low,109,0.0,0
CPU.S1,medium,109,0.0,0
CPU.S1,high,109,0.0,0
CPU.S2,low,109,521640.50425630517,847315
CPU.S2,medium,109,263385.24409039045,327994
CPU.S2,high,109,86995.57238478599,89703
CPU.S3,low,109,405228.7895899761,543765
CPU.S3,medium,109,124182.0,124182
CPU.S3,high,109,123598.0,123598
CPU.S4,low,109,42422.0,42422
CPU.S4,medium,109,10541.0,10541
CPU.S4,high,109,15683.0,15683
GPU.S1,low,109,0.0,0
GPU.S1,medium,109,0.0,0
GPU.S1,high,109,0.0,0
GPU.S2,low,109,817.0460060511759,825
GPU.S2,medium,109,960.0,960
GPU.S2,high,109,495.0,495
GPU.S3,low,109,450.0,450
GPU.S3,medium,109,642.0,642
GPU.S3,high,109,1747.0,1747
CPU.S1,low,110,0.0,0
CPU.S1,medium,110,0.0,0
CPU.S1,high,110,0.0,0
CPU.S2,low,110,527938.5602695162,796775
CPU.S2,medium,110,273358.2789203752,315892
CPU.S2,high,110,82807.0,82807
CPU.S3,low,110,407300.3256744812,567964
CPU.S3,medium,110,102953.0,102953
CPU.S3,high,110,134277.0,134277
CPU.S4,low,110,57647.0,57647
CPU.S4,medium,110,15971.0,15971
CPU.S4,high,110,20135.0,20135
GPU.S1,low,110,0.0,0
GPU.S1,medium,110,0.0,0
GPU.S1,high,110,0.0,0
GPU.S2,low,110,662.2992966354142,578
GPU.S2,medium,110,923.0,923
GPU.S2,high,110,450.0,450
GPU.S3,low,110,666.5093360522576,464
GPU.S3,medium,110,672.4800704551453,616
GPU.S3,high,110,1454.5174174888002,1421
CPU.S1,low,111,0.0,0
CPU.S1,medium,111,0.0,0
CPU.S1,high,111,0.0,0
CPU.S2,low,111,534276.3298275725,614259
CPU.S2,medium,111,269583.0,269583
CPU.S2,high,111,75151.0,75151
CPU.S3,low,111,422374.4639263742,464534
CPU.S3,medium,111,95503.0,95503
CPU.S3,high,111,119232.0,119232
CPU.S4,low,111,62434.0,62434
CPU.S4,medium,111,19183.0,19183
CPU.S4,high,111,20911.0,20911
GPU.S1,low,111,0.0,0
GPU.S1,medium,111,0.0,0
GPU.S1,high,111,0.0,0
GPU.S2,low,111,648.7372103030555,522
GPU.S2,medium,111,852.2915735498945,742
GPU.S2,high,111,520.0,520
GPU.S3,low,111,697.6423636375741,571
GPU.S3,medium,111,697.630709974484,665
GPU.S3,high,111,1477.0,1477
CPU.S1,low,112,0.0,0
CPU.S1,medium,112,0.0,0
CPU.S1,high,112,0.0,0
CPU.S2,low,112,509213.0873220263,534954
CPU.S2,medium,112,257952.0,257952
CPU.S2,high,112,73652.0,73652
CPU.S3,low,112,443685.4007688559,415559
CPU.S3,medium,112,84908.52932166749,71222
CPU.S3,high,112,113394.96851142167,105638
CPU.S4,low,112,69264.0,69264
CPU.S4,medium,112,19385.830649871456,16629
CPU.S4,high,112,24909.0,24909
GPU.S1,low,112,0.0,0
GPU.S1,medium,112,0.0,0
GPU.S1,high,112,0.0,0
GPU.S2,low,112,653.2818769915656,356
GPU.S2,medium,112,858.1485474881656,842
GPU.S2,high,112,496.0,496
GPU.S3,low,112,601.0,601
GPU.S3,medium,112,675.0,675
GPU.S3,high,112,1524.0,1524
CPU.S1,low,113,0.0,0
CPU.S1,medium,113,0.0,0
CPU.S1,high,113,0.0,0
CPU.S2,low,113,508828.9749748688,549647
CPU.S2,medium,113,243355.0,243355
CPU.S2,high,113,72329.93231113341,70960
CPU.S3,low,113,439118.98783948796,444344
CPU.S3,medium,113,87398.53365346375,78969
CPU.S3,high,113,117186.22011872551,117076
CPU.S4,low,113,96793.0,96793
CPU.S4,medium,113,22684.0,22684
CPU.S4,high,113,30636.0,30636
GPU.S1,low,113,0.0,0
GPU.S1,medium,113,0.0,0
GPU.S1,high,113,0.0,0
GPU.S2,low,113,636.7700746020176,356
GPU.S2,medium,113,896.0,896
GPU.S2,high,113,492.79061594834644,479
GPU.S3,low,113,710.0,710
GPU.S3,medium,113,741.0,741
GPU.S3,high,113,1847.0,1847
CPU.S1,low,114,0.0,0
CPU.S1,medium,114,0.0,0
CPU.S1,high,114,0.0,0
CPU.S2,low,114,514264.68703536334,649905
CPU.S2,medium,114,243008.0,243008
CPU.S2,high,114,78382.0,78382
CPU.S3,low,114,445272.37611386634,511306
CPU.S3,medium,114,88046.13265317869,100788
CPU.S3,high,114,113383.34120499941,143704
CPU.S4,low,114,117207.53276623023,123490
CPU.S4,medium,114,34187.0,34187
CPU.S4,high,114,40602.0,40602
GPU.S1,low,114,0.0,0
GPU.S1,medium,114,0.0,0
GPU.S1,high,114,0.0,0
GPU.S2,low,114,642.8638372466432,288
GPU.S2,medium,114,897.0102426625463,890
GPU.S2,high,114,492.0,492
GPU.S3,low,114,705.0,705
GPU.S3,medium,114,716.0,716
GPU.S3,high,114,2300.0,2300
CPU.S1,low,115,0.0,0
CPU.S1,medium,115,0.0,0
CPU.S1,high,115,0.0,0
CPU.S2,low,115,497050.0,497050
CPU.S2,medium,115,241524.67587633347,191712
CPU.S2,high,115,57642.0,57642
CPU.S3,low,115,435838.27725846454,367981
CPU.S3,medium,115,85943.1835538208,65233
CPU.S3,high,115,114221.81758635526,110240
CPU.S4,low,115,118626.92487531828,104583
CPU.S4,medium,115,33823.48029988963,33106
CPU.S4,high,115,39525.45259368449,36086
GPU.S1,low,115,0.0,0
GPU.S1,medium,115,0.0,0
GPU.S1,high,115,0.0,0
GPU.S2,low,115,634.5427005139454,287
GPU.S2,medium,115,955.0627050228527,932
GPU.S2,high,115,446.0,446
GPU.S3,low,115,687.2430185636798,671
GPU.S3,medium,115,699.0,699
GPU.S3,high,115,2372.0,2372
CPU.S1,low,116,0.0,0
CPU.S1,medium,116,0.0,0
CPU.S1,high,116,0.0,0
CPU.S2,low,116,498296.1559263069,456407
CPU.S2,medium,116,236856.14157088555,211049
CPU.S2,high,116,55341.0,55341
CPU.S3,low,116,443542.49058537936,422799
CPU.S3,medium,116,86293.69117243364,67654
CPU.S3,high,116,116957.90719376036,111161
CPU.S4,low,116,113731.0,113731
CPU.S4,medium,116,39152.0,39152
CPU.S4,high,116,42924.0,42924
GPU.S1,low,116,0.0,0
GPU.S1,medium,116,0.0,0
GPU.S1,high,116,0.0,0
GPU.S2,low,116,580.1090729273387,358
GPU.S2,medium,116,955.0,955
GPU.S2,high,116,462.0,462
GPU.S3,low,116,720.0,720
GPU.S3,medium,116,837.0,837
GPU.S3,high,116,2340.0,2340
CPU.S1,low,117,0.0,0
CPU.S1,medium,117,0.0,0
CPU.S1,high,117,0.0,0
CPU.S2,low,117,486222.34571524896,554589
CPU.S2,medium,117,247544.0,247544
CPU.S2,high,117,45405.0,45405
CPU.S3,low,117,453554.0,453554
CPU.S3,medium,117,88327.93689581916,83450
CPU.S3,high,117,112748.8486152544,112096
CPU.S4,low,117,131754.0,131754
CPU.S4,medium,117,44879.0,44879
CPU.S4,high,117,52288.0,52288
GPU.S1,low,117,0.0,0
GPU.S1,medium,117,0.0,0
GPU.S1,high,117,0.0,0
GPU.S2,low,117,580.967182784213,500
GPU.S2,medium,117,984.0,984
GPU.S2,high,117,469.0,469
GPU.S3,low,117,747.0,747
GPU.S3,medium,117,871.0,871
GPU.S3,high,117,2292.0,2292
CPU.S1,low,118,0.0,0
CPU.S1,medium,118,0.0,0
CPU.S1,high,118,0.0,0
CPU.S2,low,118,487725.2669524116,596587
CPU.S2,medium,118,267578.84349986655,268474
CPU.S2,high,118,46006.23998911992,45995
CPU.S3,low,118,441496.5888292838,486580
CPU.S3,medium,118,84300.86125448743,107146
CPU.S3,high,118,117818.0,117818
CPU.S4,low,118,159532.0,159532
CPU.S4,medium,118,43757.403806919334,42771
CPU.S4,high,118,58861.0,58861
GPU.S1,low,118,0.0,0
GPU.S1,medium,118,0.0,0
GPU.S1,high,118,0.0,0
GPU.S2,low,118,581.0,581
GPU.S2,medium,118,932.0,932
GPU.S2,high,118,498.0,498
GPU.S3,low,118,911.0,911
GPU.S3,medium,118,988.2585710243471,945
GPU.S3,high,118,2021.52498707503,1866
CPU.S1,low,119,0.0,0
CPU.S1,medium,119,0.0,0
CPU.S1,high,119,0.0,0
CPU.S2,low,119,471029.84433632164,582230
CPU.S2,medium,119,266742.3302803946,281964
CPU.S2,high,119,48468.0,48468
CPU.S3,low,119,443358.90458968846,512843
CPU.S3,medium,119,85440.0,85440
CPU.S3,high,119,123347.0,123347
CPU.S4,low,119,192300.0,192300
CPU.S4,medium,119,53390.0,53390
CPU.S4,high,119,67991.0,67991
GPU.S1,low,119,0.0,0
GPU.S1,medium,119,0.0,0
GPU.S1,high,119,0.0,0
GPU.S2,low,119,696.0,696
GPU.S2,medium,119,947.0,947
GPU.S2,high,119,483.0,483
GPU.S3,low,119,821.0,821
GPU.S3,medium,119,1007.0,1007
GPU.S3,high,119,2348.0,2348
CPU.S1,low,120,0.0,0
CPU.S1,medium,120,0.0,0
CPU.S1,high,120,0.0,0
CPU.S2,low,120,465908.88014641585,585624
CPU.S2,medium,120,254956.43838687125,266641
CPU.S2,high,120,47821.18641540071,48277
CPU.S3,low,120,410251.7531204545,586901
CPU.S3,medium,120,83957.97004635171,101507
CPU.S3,high,120,141401.0,141401
CPU.S4,low,120,217198.9977629328,221659
CPU.S4,medium,120,73822.0,73822
CPU.S4,high,120,86132.0,86132
GPU.S1,low,120,0.0,0
GPU.S1,medium,120,0.0,0
GPU.S1,high,120,0.0,0
GPU.S2,low,120,1009.4608271125651,907
GPU.S2,medium,120,825.0,825
GPU.S2,high,120,485.0,485
GPU.S3,low,120,820.0,820
GPU.S3,medium,120,1009.0,1009
GPU.S3,high,120,2511.0,2511
CPU.S1,low,121,0.0,0
CPU.S1,medium,121,0.0,0
CPU.S1,high,121,0.0,0
CPU.S2,low,121,482757.8102628269,514626
CPU.S2,medium,121,252928.0,252928
CPU.S2,high,121,43923.0,43923
CPU.S3,low,121,428325.28517338325,573342
CPU.S3,medium,121,83229.36852969411,95815
CPU.S3,high,121,144669.0,144669
CPU.S4,low,121,215166.55016320178,212889
CPU.S4,medium,121,74489.15821144503,74035
CPU.S4,high,121,87983.0,87983
GPU.S1,low,121,0.0,0
GPU.S1,medium,121,0.0,0
GPU.S1,high,121,0.0,0
GPU.S2,low,121,1045.1164693968494,951
GPU.S2,medium,121,789.0,789
GPU.S2,high,121,475.7041455142577,457
GPU.S3,low,121,920.0,920
GPU.S3,medium,121,1154.25004237154,1092
GPU.S3,high,121,2232.0,2232
CPU.S1,low,122,0.0,0
CPU.S1,medium,122,0.0,0
CPU.S1,high,122,0.0,0
CPU.S2,low,122,372874.0,372874
CPU.S2,medium,122,216566.0,216566
CPU.S2,high,122,39284.0,39284
CPU.S3,low,122,431338.83295514464,547044
CPU.S3,medium,122,76125.0,76125
CPU.S3,high,122,142859.0,142859
CPU.S4,low,122,218206.0,218206
CPU.S4,medium,122,76223.0,76223
CPU.S4,high,122,91394.0,91394
GPU.S1,low,122,0.0,0
GPU.S1,medium,122,0.0,0
GPU.S1,high,122,0.0,0
GPU.S2,low,122,1130.3857574001206,780
GPU.S2,medium,122,646.0,646
GPU.S2,high,122,549.0,549
GPU.S3,low,122,738.0,738
GPU.S3,medium,122,1200.0,1200
GPU.S3,high,122,2464.0,2464
CPU.S1,low,123,0.0,0
CPU.S1,medium,123,0.0,0
CPU.S1,high,123,0.0,0
CPU.S2,low,123,346425.88808996615,334932
CPU.S2,medium,123,186639.60784506926,185699
CPU.S2,high,123,38444.0,38444
CPU.S3,low,123,456770.99209244864,491312
CPU.S3,medium,123,48820.0,48820
CPU.S3,high,123,120906.0,120906
CPU.S4,low,123,228191.69956086267,196674
CPU.S4,medium,123,69652.0,69652
CPU.S4,high,123,95779.0,95779
GPU.S1,low,123,0.0,0
GPU.S1,medium,123,0.0,0
GPU.S1,high,123,0.0,0
GPU.S2,low,123,1221.4442702834244,728
GPU.S2,medium,123,494.0,494
GPU.S2,high,123,565.0,565
GPU.S3,low,123,809.0,809
GPU.S3,medium,123,1178.0,1178
GPU.S3,high,123,2549.0,2549
CPU.S1,low,124,0.0,0
CPU.S1,medium,124,0.0,0
CPU.S1,high,124,0.0,0
CPU.S2,low,124,348706.87093168567,365795
CPU.S2,medium,124,189314.89027280148,158132
CPU.S2,high,124,32998.0,32998
CPU.S3,low,124,466712.16378676664,430770
CPU.S3,medium,124,27200.0,27200
CPU.S3,high,124,120452.4186682521,112177
CPU.S4,low,124,244788.47846985015,203425
CPU.S4,medium,124,53117.0,53117
CPU.S4,high,124,95198.04718834886,94053
GPU.S1,low,124,0.0,0
GPU.S1,medium,124,0.0,0
GPU.S1,high,124,0.0,0
GPU.S2,low,124,1365.3172744917656,792
GPU.S2,medium,124,457.52621570612246,443
GPU.S2,high,124,540.5825379506003,508
GPU.S3,low,124,887.0,887
GPU.S3,medium,124,1251.0,1251
GPU.S3,high,124,2756.0,2756
CPU.S1,low,125,0.0,0
CPU.S1,medium,125,0.0,0
CPU.S1,high,125,0.0,0
CPU.S2,low,125,344208.2425666303,376770
CPU.S2,medium,125,192716.0,192716
CPU.S2,high,125,31750.36217941039,30732
CPU.S3,low,125,467636.0,467636
CPU.S3,medium,125,24628.591569001786,23639
CPU.S3,high,125,122053.0,122053
CPU.S4,low,125,251063.0,251063
CPU.S4,medium,125,54251.42134627114,47333
CPU.S4,high,125,108986.0,108986
GPU.S1,low,125,0.0,0
GPU.S1,medium,125,0.0,0
GPU.S1,high,125,0.0,0
GPU.S2,low,125,1324.7454621500906,858
GPU.S2,medium,125,445.4177473756847,222
GPU.S2,high,125,546.0,546
GPU.S3,low,125,994.0,994
GPU.S3,medium,125,1273.4634962748364,1137
GPU.S3,high,125,2719.204660484721,2656
CPU.S1,low,126,0.0,0
CPU.S1,medium,126,0.0,0
CPU.S1,high,126,0.0,0
CPU.S2,low,126,342483.46033393266,388513
CPU.S2,medium,126,192680.52513606806,232467
CPU.S2,high,126,32967.43783550049,33579
CPU.S3,low,126,449942.29856253817,536691
CPU.S3,medium,126,20171.0,20171
CPU.S3,high,126,144642.0,144642
CPU.S4,low,126,317981.0,317981
CPU.S4,medium,126,52281.0,52281
CPU.S4,high,126,141082.0,141082
GPU.S1,low,126,0.0,0
GPU.S1,medium,126,0.0,0
GPU.S1,high,126,0.0,0
GPU.S2,low,126,1349.3097251882327,742
GPU.S2,medium,126,457.4270687502237,321
GPU.S2,high,126,525.6351599188819,522
GPU.S3,low,126,972.8387318643794,931
GPU.S3,medium,126,1078.0,1078
GPU.S3,high,126,2938.0,2938
CPU.S1,low,127,0.0,0
CPU.S1,medium,127,0.0,0
CPU.S1,high,127,0.0,0
CPU.S2,low,127,350976.8946799568,331595
CPU.S2,medium,127,195091.0,195091
CPU.S2,high,127,21769.0,21769
CPU.S3,low,127,406687.0,406687
CPU.S3,medium,127,22181.0,22181
CPU.S3,high,127,111517.02715744554,105747
CPU.S4,low,127,313104.904596804,277701
CPU.S4,medium,127,55345.17343246798,52904
CPU.S4,high,127,137851.7725321292,121764
GPU.S1,low,127,0.0,0
GPU.S1,medium,127,0.0,0
GPU.S1,high,127,0.0,0
GPU.S2,low,127,1336.2515082448285,861
GPU.S2,medium,127,395.82666122327237,350
GPU.S2,high,127,604.0,604
GPU.S3,low,127,925.0,925
GPU.S3,medium,127,1038.0,1038
GPU.S3,high,127,3256.0,3256
CPU.S1,low,128,0.0,0
CPU.S1,medium,128,0.0,0
CPU.S1,high,128,0.0,0
CPU.S2,low,128,339508.98297494656,344687
CPU.S2,medium,128,194508.3965957056,200063
CPU.S2,high,128,18810.0,18810
CPU.S3,low,128,400988.0,400988
CPU.S3,medium,128,23270.99247073436,14297
CPU.S3,high,128,111074.0,111074
CPU.S4,low,128,317000.08323941793,310087
CPU.S4,medium,128,55642.0,55642
CPU.S4,high,128,140100.0194751916,131626
GPU.S1,low,128,0.0,0
GPU.S1,medium,128,0.0,0
GPU.S1,high,128,0.0,0
GPU.S2,low,128,1300.2089220937644,714
GPU.S2,medium,128,435.4098147970239,420
GPU.S2,high,128,533.0,533
GPU.S3,low,128,370.97551902967,1048
GPU.S3,medium,128,977.0,977
GPU.S3,high,128,3828.0,3828
CPU.S1,low,129,0.0,0
CPU.S1,medium,129,0.0,0
CPU.S1,high,129,0.0,0
CPU.S2,low,129,342062.5852677823,350478
CPU.S2,medium,129,192594.08599215696,187188
CPU.S2,high,129,14614.0,14614
CPU.S3,low,129,374192.40883489395,365262
CPU.S3,medium,129,32095.0,32095
CPU.S3,high,129,106167.0,106167
CPU.S4,low,129,349131.0,349131
CPU.S4,medium,129,75521.0,75521
CPU.S4,high,129,155106.0,155106
GPU.S1,low,129,0.0,0
GPU.S1,medium,129,0.0,0
GPU.S1,high,129,0.0,0
GPU.S2,low,129,1356.3868593771235,881
GPU.S2,medium,129,469.0,469
GPU.S2,high,129,517.0,517
GPU.S3,low,129,1283.3994162321783,983
GPU.S3,medium,129,1112.6864541685259,933
GPU.S3,high,129,2828.4531741653723,2758
CPU.S1,low,130,0.0,0
CPU.S1,medium,130,0.0,0
CPU.S1,high,130,0.0,0
CPU.S2,low,130,349043.75928337657,382655
CPU.S2,medium,130,187755.9942562897,211463
CPU.S2,high,130,11000.709024261392,7467
CPU.S3,low,130,366099.0,366099
CPU.S3,medium,130,15332.0,15332
CPU.S3,high,130,104129.0,104129
CPU.S4,low,130,387208.0,387208
CPU.S4,medium,130,94529.0,94529
CPU.S4,high,130,170913.0,170913
GPU.S1,low,130,0.0,0
GPU.S1,medium,130,0.0,0
GPU.S1,high,130,0.0,0
GPU.S2,low,130,1332.4357107753383,963
GPU.S2,medium,130,444.8173139989876,352
GPU.S2,high,130,541.0,541
GPU.S3,low,130,1291.5875259502443,962
GPU.S3,medium,130,1105.0,1105
GPU.S3,high,130,2750.0,2750
CPU.S1,low,131,0.0,0
CPU.S1,medium,131,0.0,0
CPU.S1,high,131,0.0,0
CPU.S2,low,131,344500.2172017025,407854
CPU.S2,medium,131,192381.0,192381
CPU.S2,high,131,11463.0,11463
CPU.S3,low,131,376789.1589898725,384658
CPU.S3,medium,131,5756.0,5756
CPU.S3,high,131,99646.0,99646
CPU.S4,low,131,417720.0,417720
CPU.S4,medium,131,93379.80531558803,78615
CPU.S4,high,131,197158.0,197158
GPU.S1,low,131,0.0,0
GPU.S1,medium,131,0.0,0
GPU.S1,high,131,0.0,0
GPU.S2,low,131,1326.0568422927863,1151
GPU.S2,medium,131,431.8537734003325,174
GPU.S2,high,131,540.0,540
GPU.S3,low,131,1369.928415993482,1219
GPU.S3,medium,131,1140.112190240168,1051
GPU.S3,high,131,2762.0,2762
CPU.S1,low,132,0.0,0
CPU.S1,medium,132,0.0,0
CPU.S1,high,132,0.0,0
CPU.S2,low,132,339760.4731927584,476302
CPU.S2,medium,132,188640.0,188640
CPU.S2,high,132,11192.0,11192
CPU.S3,low,132,362943.0,362943
CPU.S3,medium,132,5971.716606339852,505
CPU.S3,high,132,100369.0,100369
CPU.S4,low,132,525153.0,525153
CPU.S4,medium,132,114386.0,114386
CPU.S4,high,132,220738.0,220738
GPU.S1,low,132,0.0,0
GPU.S1,medium,132,0.0,0
GPU.S1,high,132,0.0,0
GPU.S2,low,132,1315.8834128337314,1169
GPU.S2,medium,132,430.4155148950941,142
GPU.S2,high,132,564.0,564
GPU.S3,low,132,1503.3074997009421,1316
GPU.S3,medium,132,1251.6883305245944,1240
GPU.S3,high,132,2403.601058351741,2351
CPU.S1,low,133,0.0,0
CPU.S1,medium,133,0.0,0
CPU.S1,high,133,0.0,0
CPU.S2,low,133,336040.2410142758,425565
CPU.S2,medium,133,161112.0,161112
CPU.S2,high,133,10313.0,10313
CPU.S3,low,133,361488.52363521076,314773
CPU.S3,medium,133,9694.0,9694
CPU.S3,high,133,96204.0,96204
CPU.S4,low,133,534432.5509643708,566250
CPU.S4,medium,133,110244.0,110244
CPU.S4,high,133,240594.0,240594
GPU.S1,low,133,0.0,0
GPU.S1,medium,133,0.0,0
GPU.S1,high,133,0.0,0
GPU.S2,low,133,1245.0,1245
GPU.S2,medium,133,394.60022303251526,205
GPU.S2,high,133,662.0,662
GPU.S3,low,133,1524.1333071841507,1014
GPU.S3,medium,133,1287.8343701926103,1216
GPU.S3,high,133,2396.0,2396
CPU.S1,low,134,0.0,0
CPU.S1,medium,134,0.0,0
CPU.S1,high,134,0.0,0
CPU.S2,low,134,336169.8370453663,441270
CPU.S2,medium,134,162224.0,162224
CPU.S2,high,134,9962.0,9962
CPU.S3,low,134,357318.3962094978,313894
CPU.S3,medium,134,20244.0,20244
CPU.S3,high,134,97269.0,97269
CPU.S4,low,134,540514.0,540514
CPU.S4,medium,134,83977.49627723698,79442
CPU.S4,high,134,249253.0,249253
GPU.S1,low,134,0.0,0
GPU.S1,medium,134,0.0,0
GPU.S1,high,134,0.0,0
GPU.S2,low,134,1192.8908596811348,1250
GPU.S2,medium,134,423.0,423
GPU.S2,high,134,705.0,705
GPU.S3,low,134,1531.478800603029,739
GPU.S3,medium,134,1385.8590102075186,1205
GPU.S3,high,134,2348.0,2348
CPU.S1,low,135,0.0,0
CPU.S1,medium,135,0.0,0
CPU.S1,high,135,0.0,0
CPU.S2,low,135,345572.93174490577,391056
CPU.S2,medium,135,132589.0,132589
CPU.S2,high,135,9488.0,9488
CPU.S3,low,135,355639.53580884286,221311
CPU.S3,medium,135,27609.0,27609
CPU.S3,high,135,93059.22266355585,90692
CPU.S4,low,135,551917.0197011643,528898
CPU.S4,medium,135,85754.96146399145,69008
CPU.S4,high,135,245125.77304532702,225986
GPU.S1,low,135,0.0,0
GPU.S1,medium,135,0.0,0
GPU.S1,high,135,0.0,0
GPU.S2,low,135,1164.8971831887443,1363
GPU.S2,medium,135,418.0,418
GPU.S2,high,135,721.0,721
GPU.S3,low,135,1363.2003449299518,656
GPU.S3,medium,135,1395.0,1395
GPU.S3,high,135,2482.0,2482
CPU.S1,low,136,0.0,0
CPU.S1,medium,136,0.0,0
CPU.S1,high,136,0.0,0
CPU.S2,low,136,317734.0,317734
CPU.S2,medium,136,115884.0,115884
CPU.S2,high,136,13395.0,13395
CPU.S3,low,136,343769.2379045575,217094
CPU.S3,medium,136,27653.760613808437,21470
CPU.S3,high,136,92663.0,92663
CPU.S4,low,136,552554.8880253953,488402
CPU.S4,medium,136,85365.53788257195,63099
CPU.S4,high,136,245740.79129382744,223736
GPU.S1,low,136,0.0,0
GPU.S1,medium,136,0.0,0
GPU.S1,high,136,0.0,0
GPU.S2,low,136,1153.1169237362992,1326
GPU.S2,medium,136,505.88561602078437,520
GPU.S2,high,136,654.0,654
GPU.S3,low,136,862.5768301154158,828
GPU.S3,medium,136,1311.0,1311
GPU.S3,high,136,3065.0,3065
CPU.S1,low,137,0.0,0
CPU.S1,medium,137,0.0,0
CPU.S1,high,137,0.0,0
CPU.S2,low,137,294910.0,294910
CPU.S2,medium,137,115825.0,115825
CPU.S2,high,137,14005.0,14005
CPU.S3,low,137,342398.7692324577,228377
CPU.S3,medium,137,22884.69467744322,11639
CPU.S3,high,137,101653.0,101653
CPU.S4,low,137,562802.9910133124,543044
CPU.S4,medium,137,81780.3851380805,62682
CPU.S4,high,137,239194.0,239194
GPU.S1,low,137,0.0,0
GPU.S1,medium,137,0.0,0
GPU.S1,high,137,0.0,0
GPU.S2,low,137,1189.523994459612,1379
GPU.S2,medium,137,507.0,507
GPU.S2,high,137,646.0,646
GPU.S3,low,137,1207.0,1207
GPU.S3,medium,137,1366.0,1366
GPU.S3,high,137,3034.0,3034
CPU.S1,low,138,0.0,0
CPU.S1,medium,138,0.0,0
CPU.S1,high,138,0.0,0
CPU.S2,low,138,290211.78528645413,334418
CPU.S2,medium,138,113840.52768360285,133011
CPU.S2,high,138,15202.0,15202
CPU.S3,low,138,324828.70686905296,234577
CPU.S3,medium,138,22755.06119615993,17313
CPU.S3,high,138,125066.0,125066
CPU.S4,low,138,666474.0,666474
CPU.S4,medium,138,85154.69785205896,88365
CPU.S4,high,138,302819.0,302819
GPU.S1,low,138,0.0,0
GPU.S1,medium,138,0.0,0
GPU.S1,high,138,0.0,0
GPU.S2,low,138,1017.2156758349286,1246
GPU.S2,medium,138,572.8927136931992,579
GPU.S2,high,138,756.3354892566877,775
GPU.S3,low,138,1150.0,1150
GPU.S3,medium,138,1485.0,1485
GPU.S3,high,138,3362.0,3362
CPU.S1,low,139,0.0,0
CPU.S1,medium,139,0.0,0
CPU.S1,high,139,0.0,0
CPU.S2,low,139,246316.0,246316
CPU.S2,medium,139,93629.0,93629
CPU.S2,high,139,8668.0,8668
CPU.S3,low,139,330072.0179636333,212033
CPU.S3,medium,139,29661.94708619489,11330
CPU.S3,high,139,117058.42583691631,99155
CPU.S4,low,139,717941.8163545259,576762
CPU.S4,medium,139,65006.230939523026,63137
CPU.S4,high,139,264204.7726095486,252847
GPU.S1,low,139,0.0,0
GPU.S1,medium,139,0.0,0
GPU.S1,high,139,0.0,0
GPU.S2,low,139,1015.6888994151378,1140
GPU.S2,medium,139,569.0,569
GPU.S2,high,139,734.0,734
GPU.S3,low,139,1122.0,1122
GPU.S3,medium,139,1869.0,1869
GPU.S3,high,139,4279.0,4279
CPU.S1,low,140,0.0,0
CPU.S1,medium,140,0.0,0
CPU.S1,high,140,0.0,0
CPU.S2,low,140,194275.0,194275
CPU.S2,medium,140,82463.0,82463
CPU.S2,high,140,8557.0,8557
CPU.S3,low,140,325968.385312655,226185
CPU.S3,medium,140,28613.377479495837,0
CPU.S3,high,140,118978.85064628752,104097
CPU.S4,low,140,727520.9883003754,629140
CPU.S4,medium,140,66955.0,66955
CPU.S4,high,140,274504.0758938879,262980
GPU.S1,low,140,0.0,0
GPU.S1,medium,140,0.0,0
GPU.S1,high,140,0.0,0
GPU.S2,low,140,980.4732632559059,1240
GPU.S2,medium,140,557.426332962182,573
GPU.S2,high,140,740.0,740
GPU.S3,low,140,1486.0,1486
GPU.S3,medium,140,2086.0,2086
GPU.S3,high,140,4609.0,4609
CPU.S1,low,141,0.0,0
CPU.S1,medium,141,0.0,0
CPU.S1,high,141,0.0,0
CPU.S2,low,141,180161.0,180161
CPU.S2,medium,141,75732.0,75732
CPU.S2,high,141,8185.0,8185
CPU.S3,low,141,327934.37044544914,268069
CPU.S3,medium,141,29702.194250476838,2409
CPU.S3,high,141,118833.30596967893,109179
CPU.S4,low,141,738725.0298015057,676278
CPU.S4,medium,141,59238.890023566695,58792
CPU.S4,high,141,274852.0,274852
GPU.S1,low,141,0.0,0
GPU.S1,medium,141,0.0,0
GPU.S1,high,141,0.0,0
GPU.S2,low,141,1019.178383049429,1390
GPU.S2,medium,141,557.0,557
GPU.S2,high,141,748.0,748
GPU.S3,low,141,1711.5184246894082,1658
GPU.S3,medium,141,2116.0,2116
GPU.S3,high,141,4163.0,4163
CPU.S1,low,142,0.0,0
CPU.S1,medium,142,0.0,0
CPU.S1,high,142,0.0,0
CPU.S2,low,142,158202.0,158202
CPU.S2,medium,142,68183.0,68183
CPU.S2,high,142,6746.0,6746
CPU.S3,low,142,319803.410480427,279595
CPU.S3,medium,142,29251.238977048633,19475
CPU.S3,high,142,116875.0,116875
CPU.S4,low,142,717833.0,717833
CPU.S4,medium,142,60839.886232589095,57600
CPU.S4,high,142,292413.0,292413
GPU.S1,low,142,0.0,0
GPU.S1,medium,142,0.0,0
GPU.S1,high,142,0.0,0
GPU.S2,low,142,1018.6172263990602,1386
GPU.S2,medium,142,526.0,526
GPU.S2,high,142,767.3792453006702,808
GPU.S3,low,142,3608.0238121710354,2336
GPU.S3,medium,142,2652.0,2652
GPU.S3,high,142,1764.0,1764
CPU.S1,low,143,0.0,0
CPU.S1,medium,143,0.0,0
CPU.S1,high,143,0.0,0
CPU.S2,low,143,121767.0,121767
CPU.S2,medium,143,47754.0,47754
CPU.S2,high,143,3608.0,3608
CPU.S3,low,143,307456.0,307456
CPU.S3,medium,143,30123.354900570714,17853
CPU.S3,high,143,123596.0,123596
CPU.S4,low,143,730324.0,730324
CPU.S4,medium,143,60280.0,60280
CPU.S4,high,143,327142.0,327142
GPU.S1,low,143,0.0,0
GPU.S1,medium,143,0.0,0
GPU.S1,high,143,0.0,0
GPU.S2,low,143,1136.6058224259612,1333
GPU.S2,medium,143,438.0,438
GPU.S2,high,143,727.0,727
GPU.S3,low,143,3646.519975180882,2692
GPU.S3,medium,143,2870.9798602344526,2813
GPU.S3,high,143,1610.5158927311563,1182
CPU.S1,low,144,0.0,0
CPU.S1,medium,144,0.0,0
CPU.S1,high,144,0.0,0
CPU.S2,low,144,67974.0,67974
CPU.S2,medium,144,25858.0,25858
CPU.S2,high,144,2057.0,2057
CPU.S3,low,144,305194.02375104773,367956
CPU.S3,medium,144,31326.998351874594,37965
CPU.S3,high,144,126669.0,126669
CPU.S4,low,144,818433.0,818433
CPU.S4,medium,144,16096.0,16096
CPU.S4,high,144,348819.0,348819
GPU.S1,low,144,0.0,0
GPU.S1,medium,144,0.0,0
GPU.S1,high,144,0.0,0
GPU.S2,low,144,1394.0,1394
GPU.S2,medium,144,282.0,282
GPU.S2,high,144,678.0,678
GPU.S3,low,144,3567.5088297604984,3279
GPU.S3,medium,144,2884.0,2884
GPU.S3,high,144,1583.0,1583
CPU.S1,low,145,0.0,0
CPU.S1,medium,145,0.0,0
CPU.S1,high,145,0.0,0
CPU.S2,low,145,0.0,0
CPU.S2,medium,145,0.0,0
CPU.S2,high,145,0.0,0
CPU.S3,low,145,307820.4799131067,369247
CPU.S3,medium,145,30811.0,30811
CPU.S3,high,145,127585.0,127585
CPU.S4,low,145,885299.0,885299
CPU.S4,medium,145,3655.0,3655
CPU.S4,high,145,352070.0,352070
GPU.S1,low,145,0.0,0
GPU.S1,medium,145,0.0,0
GPU.S1,high,145,0.0,0
GPU.S2,low,145,1345.0,1345
GPU.S2,medium,145,201.0,201
GPU.S2,high,145,640.0,640
GPU.S3,low,145,3304.8483533430053,3212
GPU.S3,medium,145,2603.0,2603
GPU.S3,high,145,2248.0,2248
CPU.S1,low,146,0.0,0
CPU.S1,medium,146,0.0,0
CPU.S1,high,146,0.0,0
CPU.S2,low,146,0.0,0
CPU.S2,medium,146,0.0,0
CPU.S2,high,146,0.0,0
CPU.S3,low,146,306765.5377812248,327324
CPU.S3,medium,146,32931.02711872869,45390
CPU.S3,high,146,130630.0,130630
CPU.S4,low,146,923634.0,923634
CPU.S4,medium,146,0.0,0
CPU.S4,high,146,362607.0,362607
GPU.S1,low,146,0.0,0
GPU.S1,medium,146,0.0,0
GPU.S1,high,146,0.0,0
GPU.S2,low,146,1288.8610382209276,1287
GPU.S2,medium,146,178.0,178
GPU.S2,high,146,675.0,675
GPU.S3,low,146,3484.0,3484
GPU.S3,medium,146,2816.0,2816
GPU.S3,high,146,2207.0,2207
CPU.S1,low,147,0.0,0
CPU.S1,medium,147,0.0,0
CPU.S1,high,147,0.0,0
CPU.S2,low,147,0.0,0
CPU.S2,medium,147,0.0,0
CPU.S2,high,147,0.0,0
CPU.S3,low,147,305548.3900489508,331817
CPU.S3,medium,147,49812.0,49812
CPU.S3,high,147,106852.0,106852
CPU.S4,low,147,912280.3160580856,827106
CPU.S4,medium,147,28264.116523751152,24890
CPU.S4,high,147,342464.5214848886,327314
GPU.S1,low,147,0.0,0
GPU.S1,medium,147,0.0,0
GPU.S1,high,147,0.0,0
GPU.S2,low,147,1272.5421126870901,1096
GPU.S2,medium,147,182.6845096828548,19
GPU.S2,high,147,683.5644964545213,587
GPU.S3,low,147,3326.0,3326
GPU.S3,medium,147,2856.0,2856
GPU.S3,high,147,2482.0,2482
CPU.S1,low,148,0.0,0
CPU.S1,medium,148,0.0,0
CPU.S1,high,148,0.0,0
CPU.S2,low,148,0.0,0
CPU.S2,medium,148,0.0,0
CPU.S2,high,148,0.0,0
CPU.S3,low,148,309102.4699849185,313336
CPU.S3,medium,148,59305.0,59305
CPU.S3,high,148,98525.0,98525
CPU.S4,low,148,936727.2969035867,783782
CPU.S4,medium,148,27842.0,27842
CPU.S4,high,148,329820.81814559444,312832
GPU.S1,low,148,0.0,0
GPU.S1,medium,148,0.0,0
GPU.S1,high,148,0.0,0
GPU.S2,low,148,1247.9440087316373,1164
GPU.S2,medium,148,178.6973545107461,0
GPU.S2,high,148,672.0,672
GPU.S3,low,148,3298.0,3298
GPU.S3,medium,148,3145.0,3145
GPU.S3,high,148,2465.0,2465
CPU.S1,low,149,0.0,0
CPU.S1,medium,149,0.0,0
CPU.S1,high,149,0.0,0
CPU.S2,low,149,0.0,0
CPU.S2,medium,149,0.0,0
CPU.S2,high,149,0.0,0
CPU.S3,low,149,292192.21056904056,372579
CPU.S3,medium,149,63411.0,63411
CPU.S3,high,149,105868.0,105868
CPU.S4,low,149,935424.0276733597,909241
CPU.S4,medium,149,30817.0,30817
CPU.S4,high,149,348030.0,348030
GPU.S1,low,149,0.0,0
GPU.S1,medium,149,0.0,0
GPU.S1,high,149,0.0,0
GPU.S2,low,149,1236.7889444294688,965
GPU.S2,medium,149,182.01168034677977,145
GPU.S2,high,149,727.0,727
GPU.S3,low,149,3916.0,3916
GPU.S3,medium,149,3268.0,3268
GPU.S3,high,149,2385.0,2385
CPU.S1,low,150,0.0,0
CPU.S1,medium,150,0.0,0
CPU.S1,high,150,0.0,0
CPU.S2,low,150,0.0,0
CPU.S2,medium,150,0.0,0
CPU.S2,high,150,0.0,0
CPU.S3,low,150,296751.8067330978,407089
CPU.S3,medium,150,65582.3295114469,78238
CPU.S3,high,150,102964.0248406886,114692
CPU.S4,low,150,911399.8636665582,1112548
CPU.S4,medium,150,59255.0,59255
CPU.S4,high,150,423291.0,423291
GPU.S1,low,150,0.0,0
GPU.S1,medium,150,0.0,0
GPU.S1,high,150,0.0,0
GPU.S2,low,150,1231.763213679916,1041
GPU.S2,medium,150,196.0,196
GPU.S2,high,150,734.0,734
GPU.S3,low,150,4555.015139928004,4441
GPU.S3,medium,150,3201.81402050885,3054
GPU.S3,high,150,1947.3060723582907,1556
CPU.S1,low,151,0.0,0
CPU.S1,medium,151,0.0,0
CPU.S1,high,151,0.0,0
CPU.S2,low,151,0.0,0
CPU.S2,medium,151,0.0,0
CPU.S2,high,151,0.0,0
CPU.S3,low,151,310277.3331226508,320202
CPU.S3,medium,151,73951.0,73951
CPU.S3,high,151,86133.59967586552,83038
CPU.S4,low,151,946069.0,946069
CPU.S4,medium,151,91321.58441737983,70242
CPU.S4,high,151,397734.9030999389,345440
GPU.S1,low,151,0.0,0
GPU.S1,medium,151,0.0,0
GPU.S1,high,151,0.0,0
GPU.S2,low,151,1184.601541767151,1107
GPU.S2,medium,151,201.37489077211174,197
GPU.S2,high,151,765.0,765
GPU.S3,low,151,4627.597071409279,4367
GPU.S3,medium,151,2792.0,2792
GPU.S3,high,151,2383.0,2383
CPU.S1,low,152,0.0,0
CPU.S1,medium,152,0.0,0
CPU.S1,high,152,0.0,0
CPU.S2,low,152,0.0,0
CPU.S2,medium,152,0.0,0
CPU.S2,high,152,0.0,0
CPU.S3,low,152,301899.0,301899
CPU.S3,medium,152,76229.0,76229
CPU.S3,high,152,83389.0,83389
CPU.S4,low,152,917267.0,917267
CPU.S4,medium,152,127164.0,127164
CPU.S4,high,152,394717.0,394717
GPU.S1,low,152,0.0,0
GPU.S1,medium,152,0.0,0
GPU.S1,high,152,0.0,0
GPU.S2,low,152,1190.0541305472775,1287
GPU.S2,medium,152,193.1693458971294,243
GPU.S2,high,152,766.154242688302,769
GPU.S3,low,152,4718.0,4718
GPU.S3,medium,152,2502.0,2502
GPU.S3,high,152,3298.0,3298
CPU.S1,low,153,0.0,0
CPU.S1,medium,153,0.0,0
CPU.S1,high,153,0.0,0
CPU.S2,low,153,0.0,0
CPU.S2,medium,153,0.0,0
CPU.S2,high,153,0.0,0
CPU.S3,low,153,283076.0,283076
CPU.S3,medium,153,95465.25763557413,95748
CPU.S3,high,153,84046.0,84046
CPU.S4,low,153,877235.3207670879,1108250
CPU.S4,medium,153,155158.0,155158
CPU.S4,high,153,425997.0,425997
GPU.S1,low,153,0.0,0
GPU.S1,medium,153,0.0,0
GPU.S1,high,153,0.0,0
GPU.S2,low,153,1161.078381336018,1400
GPU.S2,medium,153,232.0,232
GPU.S2,high,153,737.0,737
GPU.S3,low,153,4607.024098743037,4768
GPU.S3,medium,153,3191.0,3191
GPU.S3,high,153,3634.0,3634
CPU.S1,low,154,0.0,0
CPU.S1,medium,154,0.0,0
CPU.S1,high,154,0.0,0
CPU.S2,low,154,0.0,0
CPU.S2,medium,154,0.0,0
CPU.S2,high,154,0.0,0
CPU.S3,low,154,287425.281919783,299437
CPU.S3,medium,154,84165.0,84165
CPU.S3,high,154,91737.0,91737
CPU.S4,low,154,811724.3119803102,1175412
CPU.S4,medium,154,176768.0,176768
CPU.S4,high,154,449474.0,449474
GPU.S1,low,154,0.0,0
GPU.S1,medium,154,0.0,0
GPU.S1,high,154,0.0,0
GPU.S2,low,154,1211.4956413096502,1346
GPU.S2,medium,154,217.0,217
GPU.S2,high,154,689.0,689
GPU.S3,low,154,4518.565139191738,4894
GPU.S3,medium,154,3224.0,3224
GPU.S3,high,154,3728.054912413226,4082
CPU.S1,low,155,0.0,0
CPU.S1,medium,155,0.0,0
CPU.S1,high,155,0.0,0
CPU.S2,low,155,0.0,0
CPU.S2,medium,155,0.0,0
CPU.S2,high,155,0.0,0
CPU.S3,low,155,267879.0,267879
CPU.S3,medium,155,71456.14219230846,64968
CPU.S3,high,155,93836.0,93836
CPU.S4,low,155,737237.313537849,1343643
CPU.S4,medium,155,221375.0,221375
CPU.S4,high,155,478916.0,478916
GPU.S1,low,155,0.0,0
GPU.S1,medium,155,0.0,0
GPU.S1,high,155,0.0,0
GPU.S2,low,155,1202.8840241050516,1106
GPU.S2,medium,155,215.72288235224227,208
GPU.S2,high,155,739.0,739
GPU.S3,low,155,4651.211187564381,5221
GPU.S3,medium,155,3526.0,3526
GPU.S3,high,155,3220.0,3220
CPU.S1,low,156,0.0,0
CPU.S1,medium,156,0.0,0
CPU.S1,high,156,0.0,0
CPU.S2,low,156,0.0,0
CPU.S2,medium,156,0.0,0
CPU.S2,high,156,0.0,0
CPU.S3,low,156,257269.62678465043,251244
CPU.S3,medium,156,70859.0,70859
CPU.S3,high,156,100566.0,100566
CPU.S4,low,156,650407.8159283854,1458793
CPU.S4,medium,156,263139.0,263139
CPU.S4,high,156,516492.0,516492
GPU.S1,low,156,0.0,0
GPU.S1,medium,156,0.0,0
GPU.S1,high,156,0.0,0
GPU.S2,low,156,1159.4171770462242,1314
GPU.S2,medium,156,228.91928486334027,326
GPU.S2,high,156,752.0,752
GPU.S3,low,156,4126.595842983391,5530
GPU.S3,medium,156,3727.530472535439,3803
GPU.S3,high,156,3603.0,3603
CPU.S1,low,157,0.0,0
CPU.S1,medium,157,0.0,0
CPU.S1,high,157,0.0,0
CPU.S2,low,157,0.0,0
CPU.S2,medium,157,0.0,0
CPU.S2,high,157,0.0,0
CPU.S3,low,157,264139.36912525794,261323
CPU.S3,medium,157,72842.40847037882,72238
CPU.S3,high,157,98760.51314567319,97544
CPU.S4,low,157,584248.4097915537,1479587
CPU.S4,medium,157,291016.73454581085,293799
CPU.S4,high,157,561088.0,561088
GPU.S1,low,157,0.0,0
GPU.S1,medium,157,0.0,0
GPU.S1,high,157,0.0,0
GPU.S2,low,157,1180.9534709707707,1236
GPU.S2,medium,157,177.0,177
GPU.S2,high,157,806.0,806
GPU.S3,low,157,4721.243775949539,5055
GPU.S3,medium,157,3847.0,3847
GPU.S3,high,157,2836.0,2836
CPU.S1,low,158,0.0,0
CPU.S1,medium,158,0.0,0
CPU.S1,high,158,0.0,0
CPU.S2,low,158,0.0,0
CPU.S2,medium,158,0.0,0
CPU.S2,high,158,0.0,0
CPU.S3,low,158,259964.3564023507,287093
CPU.S3,medium,158,69307.92368690573,78725
CPU.S3,high,158,103632.14968929718,108366
CPU.S4,low,158,592291.475909494,1574106
CPU.S4,medium,158,300580.2011084529,315568
CPU.S4,high,158,582824.0,582824
GPU.S1,low,158,0.0,0
GPU.S1,medium,158,0.0,0
GPU.S1,high,158,0.0,0
GPU.S2,low,158,1240.2316301035469,1124
GPU.S2,medium,158,59.92054146562178,57
GPU.S2,high,158,830.0,830
GPU.S3,low,158,4467.866689155951,5917
GPU.S3,medium,158,3649.358311979149,3674
GPU.S3,high,158,3222.0,3222
CPU.S1,low,159,0.0,0
CPU.S1,medium,159,0.0,0
CPU.S1,high,159,0.0,0
CPU.S2,low,159,0.0,0
CPU.S2,medium,159,0.0,0
CPU.S2,high,159,0.0,0
CPU.S3,low,159,252893.64021470156,244487
CPU.S3,medium,159,72339.46301808755,65539
CPU.S3,high,159,100853.34084949298,96925
CPU.S4,low,159,631370.0407065125,1421268
CPU.S4,medium,159,286277.0,286277
CPU.S4,high,159,507067.0,507067
GPU.S1,low,159,0.0,0
GPU.S1,medium,159,0.0,0
GPU.S1,high,159,0.0,0
GPU.S2,low,159,1281.904192655213,1363
GPU.S2,medium,159,59.0,59
GPU.S2,high,159,788.0,788
GPU.S3,low,159,4920.176454194199,5350
GPU.S3,medium,159,3230.0,3230
GPU.S3,high,159,3334.0,3334
CPU.S1,low,160,0.0,0
CPU.S1,medium,160,0.0,0
CPU.S1,high,160,0.0,0
CPU.S2,low,160,0.0,0
CPU.S2,medium,160,0.0,0
CPU.S2,high,160,0.0,0
CPU.S3,low,160,262169.7319801447,227496
CPU.S3,medium,160,72829.13343666893,51580
CPU.S3,high,160,98379.50047239318,93690
CPU.S4,low,160,625524.8523822337,1305198
CPU.S4,medium,160,297322.77742425946,253034
CPU.S4,high,160,503893.0,503893
GPU.S1,low,160,0.0,0
GPU.S1,medium,160,0.0,0
GPU.S1,high,160,0.0,0
GPU.S2,low,160,1303.0,1303
GPU.S2,medium,160,13.0,13
GPU.S2,high,160,687.0,687
GPU.S3,low,160,5286.2227986321195,5705
GPU.S3,medium,160,2777.0,2777
GPU.S3,high,160,3477.0,3477
CPU.S1,low,161,0.0,0
CPU.S1,medium,161,0.0,0
CPU.S1,high,161,0.0,0
CPU.S2,low,161,0.0,0
CPU.S2,medium,161,0.0,0
CPU.S2,high,161,0.0,0
CPU.S3,low,161,261126.94325415848,232152
CPU.S3,medium,161,69323.28589875018,42327
CPU.S3,high,161,99855.0,99855
CPU.S4,low,161,547098.0867142435,1400426
CPU.S4,medium,161,353138.0,353138
CPU.S4,high,161,567501.0,567501
GPU.S1,low,161,0.0,0
GPU.S1,medium,161,0.0,0
GPU.S1,high,161,0.0,0
GPU.S2,low,161,1052.0,1052
GPU.S2,medium,161,58.0,58
GPU.S2,high,161,589.0,589
GPU.S3,low,161,5549.0,5549
GPU.S3,medium,161,2517.0,2517
GPU.S3,high,161,3557.0,3557
CPU.S1,low,162,0.0,0
CPU.S1,medium,162,0.0,0
CPU.S1,high,162,0.0,0
CPU.S2,low,162,0.0,0
CPU.S2,medium,162,0.0,0
CPU.S2,high,162,0.0,0
CPU.S3,low,162,257924.62728129682,330485
CPU.S3,medium,162,69515.90501167823,74150
CPU.S3,high,162,99196.50349255663,116776
CPU.S4,low,162,417752.0308417143,1658281
CPU.S4,medium,162,351746.73468254594,463650
CPU.S4,high,162,682501.0,682501
GPU.S1,low,162,0.0,0
GPU.S1,medium,162,0.0,0
GPU.S1,high,162,0.0,0
GPU.S2,low,162,973.243796676921,922
GPU.S2,medium,162,58.070006768131144,1
GPU.S2,high,162,534.0,534
GPU.S3,low,162,5019.122801152105,6978
GPU.S3,medium,162,2835.0,2835
GPU.S3,high,162,3628.0,3628
CPU.S1,low,163,0.0,0
CPU.S1,medium,163,0.0,0
CPU.S1,high,163,0.0,0
CPU.S2,low,163,0.0,0
CPU.S2,medium,163,0.0,0
CPU.S2,high,163,0.0,0
CPU.S3,low,163,277756.0,277756
CPU.S3,medium,163,58679.0,58679
CPU.S3,high,163,92049.13357553158,91992
CPU.S4,low,163,471000.0152933441,1371686
CPU.S4,medium,163,407961.0,407961
CPU.S4,high,163,563863.0,563863
GPU.S1,low,163,0.0,0
GPU.S1,medium,163,0.0,0
GPU.S1,high,163,0.0,0
GPU.S2,low,163,936.0,936
GPU.S2,medium,163,106.0,106
GPU.S2,high,163,484.0,484
GPU.S3,low,163,5506.309617670488,7077
GPU.S3,medium,163,2540.0,2540
GPU.S3,high,163,3320.0,3320
CPU.S1,low,164,0.0,0
CPU.S1,medium,164,0.0,0
CPU.S1,high,164,0.0,0
CPU.S2,low,164,0.0,0
CPU.S2,medium,164,0.0,0
CPU.S2,high,164,0.0,0
CPU.S3,low,164,280152.4545657351,296803
CPU.S3,medium,164,58807.0,58807
CPU.S3,high,164,95776.0,95776
CPU.S4,low,164,403280.56447246956,1437258
CPU.S4,medium,164,435601.0,435601
CPU.S4,high,164,598842.0,598842
GPU.S1,low,164,0.0,0
GPU.S1,medium,164,0.0,0
GPU.S1,high,164,0.0,0
GPU.S2,low,164,779.0,779
GPU.S2,medium,164,240.0,240
GPU.S2,high,164,460.0,460
GPU.S3,low,164,5392.542174226431,7355
GPU.S3,medium,164,2587.426932175046,2664
GPU.S3,high,164,3431.0,3431
CPU.S1,low,165,0.0,0
CPU.S1,medium,165,0.0,0
CPU.S1,high,165,0.0,0
CPU.S2,low,165,0.0,0
CPU.S2,medium,165,0.0,0
CPU.S2,high,165,0.0,0
CPU.S3,low,165,272759.03013099835,324217
CPU.S3,medium,165,56842.0,56842
CPU.S3,high,165,99383.0,99383
CPU.S4,low,165,397381.8478377829,1420286
CPU.S4,medium,165,455367.0,455367
CPU.S4,high,165,600413.0,600413
GPU.S1,low,165,0.0,0
GPU.S1,medium,165,0.0,0
GPU.S1,high,165,0.0,0
GPU.S2,low,165,779.0,779
GPU.S2,medium,165,157.0,157
GPU.S2,high,165,400.0,400
GPU.S3,low,165,6427.848533193089,6825
GPU.S3,medium,165,2082.0,2082
GPU.S3,high,165,2793.0,2793
CPU.S1,low,166,0.0,0
CPU.S1,medium,166,0.0,0
CPU.S1,high,166,0.0,0
CPU.S2,low,166,0.0,0
CPU.S2,medium,166,0.0,0
CPU.S2,high,166,0.0,0
CPU.S3,low,166,260786.06915007302,307981
CPU.S3,medium,166,70462.0,70462
CPU.S3,high,166,103093.0,103093
CPU.S4,low,166,396466.3551638336,1444280
CPU.S4,medium,166,456299.0,456299
CPU.S4,high,166,616996.0,616996
GPU.S1,low,166,0.0,0
GPU.S1,medium,166,0.0,0
GPU.S1,high,166,0.0,0
GPU.S2,low,166,724.7334766511176,694
GPU.S2,medium,166,77.0,77
GPU.S2,high,166,360.0,360
GPU.S3,low,166,6274.0,6274
GPU.S3,medium,166,1370.0,1370
GPU.S3,high,166,3139.0,3139
CPU.S1,low,167,0.0,0
CPU.S1,medium,167,0.0,0
CPU.S1,high,167,0.0,0
CPU.S2,low,167,0.0,0
CPU.S2,medium,167,0.0,0
CPU.S2,high,167,0.0,0
CPU.S3,low,167,254276.77372956372,372549
CPU.S3,medium,167,72188.0,72188
CPU.S3,high,167,105960.0,105960
CPU.S4,low,167,314868.0430897806,1567002
CPU.S4,medium,167,521897.0612976397,548843
CPU.S4,high,167,614859.0,614859
GPU.S1,low,167,0.0,0
GPU.S1,medium,167,0.0,0
GPU.S1,high,167,0.0,0
GPU.S2,low,167,743.0,743
GPU.S2,medium,167,83.0,83
GPU.S2,high,167,328.0,328
GPU.S3,low,167,5603.840504469557,5385
GPU.S3,medium,167,911.0,911
GPU.S3,high,167,3741.0,3741
CPU.S1,low,168,0.0,0
CPU.S1,medium,168,0.0,0
CPU.S1,high,168,0.0,0
CPU.S2,low,168,0.0,0
CPU.S2,medium,168,0.0,0
CPU.S2,high,168,0.0,0
CPU.S3,low,168,236726.2112469669,401896
CPU.S3,medium,168,71685.82544354866,79215
CPU.S3,high,168,122497.0,122497
CPU.S4,low,168,265423.2704448158,1649200
CPU.S4,medium,168,521952.0,521952
CPU.S4,high,168,652327.0,652327
GPU.S1,low,168,0.0,0
GPU.S1,medium,168,0.0,0
GPU.S1,high,168,0.0,0
GPU.S2,low,168,476.9841379286219,679
GPU.S2,medium,168,344.0,344
GPU.S2,high,168,326.0,326
GPU.S3,low,168,6539.0,6539
GPU.S3,medium,168,535.0,535
GPU.S3,high,168,3103.0,3103
